episode_index,reset_seed,stress_x0,stress_vx0,obs_0,obs_1,obs_2,obs_3,obs_4,obs_5,obs_6
0,464507548,-0.28986540059824273,0.00575092039190217,-0.2898654043674469,1.4118183851242065,0.005750920157879591,0.03990417346358299,0.0,0.0,0.0
1,172674724,0.3574643684297003,-0.20389730601458922,0.35746440291404724,1.3990060091018677,-0.20389731228351593,-0.5295103192329407,0.0,0.0,0.0
2,163903425,-0.027356163381890064,0.5063640954422872,-0.02735614776611328,1.4130618572235107,0.506364107131958,0.09516187012195587,0.0,0.0,0.0
3,1019325551,-0.6626372707930464,-0.7510024067502862,-0.6626372933387756,1.41983962059021,-0.7510024309158325,0.3964141309261322,0.0,0.0,0.0
4,1629015762,-0.030223276718114755,-0.23910825793655544,-0.03022327460348606,1.4209741353988647,-0.23910824954509735,0.4468388259410858,0.0,0.0,0.0
5,1449951718,-0.7630139821147313,0.1521511593040048,-0.7630139589309692,1.4016973972320557,0.15215115249156952,-0.40991753339767456,0.0,0.0,0.0
6,1892108963,0.7932713932757287,0.4213874455978306,0.7932714223861694,1.402151107788086,0.4213874340057373,-0.38974249362945557,0.0,0.0,0.0
7,1353470719,-0.6054504466350059,0.6723506174275895,-0.605450451374054,1.4091976881027222,0.6723505854606628,-0.07654896378517151,0.0,0.0,0.0
8,676069518,0.03516743839789416,0.17796081381827267,0.03516740724444389,1.4162665605545044,0.1779608130455017,0.23759575188159943,0.0,0.0,0.0
9,1315085260,-0.3449904084617721,-0.3195581331166983,-0.34499040246009827,1.4062222242355347,-0.31955814361572266,-0.2087959498167038,0.0,0.0,0.0
10,1377954153,0.48408721486653383,-0.01654925318864464,0.48408716917037964,1.4084935188293457,-0.016549253836274147,-0.10786859691143036,0.0,0.0,0.0
11,681462722,0.18438615647318346,0.3247432841753328,0.18438616394996643,1.4080266952514648,0.3247433006763458,-0.1286044716835022,0.0,0.0,0.0
12,1906037396,0.6815448450909156,0.6250158619826693,0.6815448999404907,1.406361699104309,0.6250158548355103,-0.20260000228881836,0.0,0.0,0.0
13,1887175263,0.3542347662071468,-0.7755519613579693,0.3542347848415375,1.4040135145187378,-0.7755519151687622,-0.3069819509983063,0.0,0.0,0.0
14,297761393,0.6241589803389154,0.7035923321444961,0.624159038066864,1.420244812965393,0.7035923600196838,0.4144248962402344,0.0,0.0,0.0
15,241769223,-0.4749520156698468,0.7447119713721098,-0.4749520421028137,1.4221042394638062,0.7447119951248169,0.4970501661300659,0.0,0.0,0.0
16,233261862,0.3096782406536642,0.11150203171598783,0.30967825651168823,1.4190397262573242,0.1115020290017128,0.3608587384223938,0.0,0.0,0.0
17,1516995425,-0.28193259343587085,-0.34662923308560567,-0.2819325923919678,1.4193106889724731,-0.34662923216819763,0.3729107975959778,0.0,0.0,0.0
18,956231059,-0.60762760489231,0.1909497451968052,-0.6076276302337646,1.4037636518478394,0.19094975292682648,-0.3180655241012573,0.0,0.0,0.0
19,1399996587,0.21222360537534657,-0.684943690873606,0.212223619222641,1.4204936027526855,-0.684943675994873,0.4254935681819916,0.0,0.0,0.0
20,908945483,-0.11827502354519814,-0.5374624220437509,-0.11827506870031357,1.417558193206787,-0.5374624133110046,0.29501062631607056,0.0,0.0,0.0
21,988018957,0.38583769077910324,-0.4236334619919848,0.3858376443386078,1.4112741947174072,-0.42363348603248596,0.01572602614760399,0.0,0.0,0.0
22,1811609170,-0.014944834060701462,0.4014314007196569,-0.014944839291274548,1.412452220916748,0.4014314115047455,0.06809326261281967,0.0,0.0,0.0
23,1520953939,-0.5061916319993907,0.33022372183461224,-0.506191611289978,1.4186981916427612,0.3302237391471863,0.3456939160823822,0.0,0.0,0.0
24,1762306363,0.2817275644256805,0.3190221375159754,0.2817276120185852,1.4037550687789917,0.31902211904525757,-0.3184662461280823,0.0,0.0,0.0
25,1960256931,-0.7189071708888884,0.6149861151193801,-0.7189071774482727,1.4054908752441406,0.6149861216545105,-0.2412993311882019,0.0,0.0,0.0
26,261608047,0.7489634838871868,0.4833326301458569,0.7489635348320007,1.4047235250473022,0.48333263397216797,-0.2754206359386444,0.0,0.0,0.0
27,628052497,-0.03232247241838748,0.6532691350165067,-0.03232250362634659,1.4105772972106934,0.6532691717147827,-0.01523671392351389,0.0,0.0,0.0
28,2107186230,0.28348238470164167,-0.2245178935109149,0.2834823727607727,1.4139432907104492,-0.22451789677143097,0.1343676894903183,0.0,0.0,0.0
29,1280894744,0.5083128394913572,0.22282492940244603,0.5083128213882446,1.3995592594146729,0.22282493114471436,-0.5049285292625427,0.0,0.0,0.0
30,1308163710,0.6735223274355275,0.13101560923180067,0.6735223531723022,1.4152601957321167,0.1310156136751175,0.19289128482341766,0.0,0.0,0.0
31,12673048,0.5265057319774011,-0.24246225068272798,0.5265057682991028,1.413276195526123,-0.24246224761009216,0.10472235828638077,0.0,0.0,0.0
32,889932132,0.29033524798145915,0.28317140773337224,0.2903352677822113,1.3991751670837402,0.2831714153289795,-0.5220112800598145,0.0,0.0,0.0
33,1075134211,0.24298294564568335,-0.17094240326654453,0.24298295378684998,1.420161247253418,-0.17094239592552185,0.41070839762687683,0.0,0.0,0.0
34,865824620,0.3462273281455659,0.2501424855576584,0.34622734785079956,1.4159718751907349,0.25014248490333557,0.22449186444282532,0.0,0.0,0.0
35,1400560478,-0.6336645453238188,0.18964819551052836,-0.6336645483970642,1.4163192510604858,0.18964819610118866,0.23994950950145721,0.0,0.0,0.0
36,1099137468,0.7109058652839837,0.7216312993386012,0.7109058499336243,1.4205573797225952,0.7216312885284424,0.42832282185554504,0.0,0.0,0.0
37,308651950,0.42559168579291695,0.2357846419714904,0.4255916476249695,1.4082354307174683,0.235784649848938,-0.11932582408189774,0.0,0.0,0.0
38,2135886441,-0.6654574171235663,0.18511903557938292,-0.6654574275016785,1.400482416152954,0.18511903285980225,-0.4639063775539398,0.0,0.0,0.0
39,2123588507,-0.5021835868187218,0.5359752874149011,-0.5021835565567017,1.4017393589019775,0.5359752774238586,-0.40802958607673645,0.0,0.0,0.0
40,1731118266,0.19807980673665637,-0.4905350355739666,0.19807977974414825,1.416045904159546,-0.49053502082824707,0.22781063616275787,0.0,0.0,0.0
41,4716089,-0.6815091586887073,-0.7357415914776573,-0.6815091371536255,1.4170989990234375,-0.7357416152954102,0.2746068835258484,0.0,0.0,0.0
42,954698821,-0.7218379321864368,-0.4790963280577204,-0.7218379378318787,1.405221939086914,-0.47909632325172424,-0.2532700002193451,0.0,0.0,0.0
43,722439037,0.7658904363469257,-0.7621109943254482,0.7658904790878296,1.4034342765808105,-0.7621110081672668,-0.3327072262763977,0.0,0.0,0.0
44,143133740,0.12396920462527594,0.007922949090995446,0.1239691749215126,1.4038310050964355,0.007922949269413948,-0.3150598406791687,0.0,0.0,0.0
45,851876933,0.7519105025361827,-0.061882654377395596,0.7519105672836304,1.3993419408798218,-0.06188265606760979,-0.5145909190177917,0.0,0.0,0.0
46,1892204776,0.630088509908832,0.5050469741706161,0.6300884485244751,1.4065309762954712,0.5050469636917114,-0.19509103894233704,0.0,0.0,0.0
47,1103841343,-0.7821860321377465,-0.3856317236175789,-0.7821860313415527,1.4110187292099,-0.3856317400932312,0.004388477187603712,0.0,0.0,0.0
48,1871136645,-0.6123293413310109,-0.4221913697814884,-0.612329363822937,1.422240972518921,-0.4221913814544678,0.5031397938728333,0.0,0.0,0.0
49,368689141,-0.09502806519254003,-0.7695729553830587,-0.09502802044153214,1.4210513830184937,-0.7695729732513428,0.4502764344215393,0.0,0.0,0.0
50,711874407,-0.11122361910360323,0.16009776082948624,-0.11122360080480576,1.4180983304977417,0.16009776294231415,0.31903600692749023,0.0,0.0,0.0
51,1949523453,-0.6952842457731183,-0.3285833817730682,-0.6952842473983765,1.4040189981460571,-0.32858338952064514,-0.30671754479408264,0.0,0.0,0.0
52,965219006,-0.5624132406191221,-0.6149448756598814,-0.5624132752418518,1.4186561107635498,-0.6149448752403259,0.34382057189941406,0.0,0.0,0.0
53,608969183,0.7655549268720694,0.3877537268459852,0.7655550241470337,1.42225980758667,0.3877537250518799,0.503964900970459,0.0,0.0,0.0
54,174629327,0.23891783971678326,-0.6648886092581711,0.23891782760620117,1.4191510677337646,-0.6648886203765869,0.36580565571784973,0.0,0.0,0.0
55,529795964,-0.20731064633821217,0.25687384766457777,-0.20731063187122345,1.3988842964172363,0.25687384605407715,-0.5349504351615906,0.0,0.0,0.0
56,120278483,-0.2987629997857889,0.09589188871043142,-0.2987629771232605,1.4150209426879883,0.09589188545942307,0.1822533756494522,0.0,0.0,0.0
57,2011373962,0.24304802116094404,-0.4860819667988434,0.24304799735546112,1.417822003364563,-0.4860819876194,0.3067532777786255,0.0,0.0,0.0
58,1117234558,-0.2617367600885899,0.19192914983105747,-0.26173678040504456,1.417068362236023,0.1919291466474533,0.27325239777565,0.0,0.0,0.0
59,1707184565,-0.061834943969508616,-0.6197870349563379,-0.0618349090218544,1.4003751277923584,-0.6197870373725891,-0.4686615765094757,0.0,0.0,0.0
60,2024064892,0.1572353218332868,-0.7296590415526976,0.15723533928394318,1.4120349884033203,-0.7296590209007263,0.04952060431241989,0.0,0.0,0.0
61,2087047656,0.5706335368467024,0.29122348114187746,0.5706335306167603,1.408055067062378,0.2912234663963318,-0.1273348033428192,0.0,0.0,0.0
62,714619600,0.33333421420777576,0.5969874547178786,0.3333342671394348,1.417680025100708,0.5969874262809753,0.3004249036312103,0.0,0.0,0.0
63,1075806674,0.375463645417095,0.7963458481564789,0.37546366453170776,1.4146122932434082,0.7963458299636841,0.16409720480442047,0.0,0.0,0.0
64,1380583167,-0.4267224916657041,0.02121829164196465,-0.4267224669456482,1.3988372087478638,0.02121829055249691,-0.5370150804519653,0.0,0.0,0.0
65,1527789836,0.155954922325115,-0.4334357586698115,0.15595492720603943,1.4031606912612915,-0.4334357678890228,-0.34488803148269653,0.0,0.0,0.0
66,1377783636,-0.02994314170722956,-0.3916928653524844,-0.029943179339170456,1.401200532913208,-0.3916928768157959,-0.43198075890541077,0.0,0.0,0.0
67,282964358,0.5377939891637895,0.12399712564641341,0.5377939939498901,1.4105278253555298,0.12399712949991226,-0.0174387339502573,0.0,0.0,0.0
68,679598937,0.581459627598794,-0.2074566038444049,0.581459641456604,1.4094865322113037,-0.20745661854743958,-0.06371358036994934,0.0,0.0,0.0
69,964498172,0.48144761563490013,-0.6408803654783315,0.48144760727882385,1.4191985130310059,-0.6408803462982178,0.3679053485393524,0.0,0.0,0.0
70,538463003,0.6428054123795766,-0.734235069855314,0.6428054571151733,1.3996787071228027,-0.7342350482940674,-0.4996228516101837,0.0,0.0,0.0
71,569527992,0.4756121787514578,-0.060468326499778735,0.47561216354370117,1.3999946117401123,-0.06046832725405693,-0.48559820652008057,0.0,0.0,0.0
72,828003095,0.548805090342722,-0.5367396242133107,0.5488050580024719,1.421691656112671,-0.5367396473884583,0.4787406325340271,0.0,0.0,0.0
73,954833235,-0.37429998004353815,0.25759691361489856,-0.3743000030517578,1.4133780002593994,0.2575969099998474,0.10921367257833481,0.0,0.0,0.0
74,530674831,-0.5581952511889559,-0.40000882427912593,-0.5581952333450317,1.3989253044128418,-0.40000882744789124,-0.5330961346626282,0.0,0.0,0.0
75,268805063,0.022904763555020025,0.35441096499871994,0.0229047778993845,1.4128905534744263,0.35441094636917114,0.08755489438772202,0.0,0.0,0.0
76,386459433,-0.6762497287132563,0.43982588259221234,-0.6762497425079346,1.4054523706436157,0.4398258626461029,-0.24302761256694794,0.0,0.0,0.0
77,1842675722,-0.2823771170043342,-0.5834226853392572,-0.28237709403038025,1.4052101373672485,-0.5834227204322815,-0.25378111004829407,0.0,0.0,0.0
78,215035549,-0.004512846275042781,-0.7726920947986236,-0.004512882325798273,1.4038057327270508,-0.772692084312439,-0.31621047854423523,0.0,0.0,0.0
79,839465270,-0.09882892300138502,-0.5073094761012849,-0.09882888942956924,1.4032657146453857,-0.5073094964027405,-0.34022101759910583,0.0,0.0,0.0
80,609512609,0.1836918208903755,0.599393775388215,0.18369178473949432,1.4076405763626099,0.5993937849998474,-0.14577431976795197,0.0,0.0,0.0
81,1146558410,-0.4416988323260405,0.2774488127105088,-0.4416988492012024,1.4075343608856201,0.277448832988739,-0.150483176112175,0.0,0.0,0.0
82,1891899470,0.27481085765357927,-0.5002314589601231,0.27481088042259216,1.4196172952651978,-0.5002314448356628,0.3865338861942291,0.0,0.0,0.0
83,1915251784,0.4698919132815895,0.359462474972871,0.4698919355869293,1.399902105331421,0.3594624698162079,-0.4897068738937378,0.0,0.0,0.0
84,1313639606,0.16684189511479863,-0.25406605739847576,0.16684189438819885,1.4030736684799194,-0.2540660500526428,-0.3487415015697479,0.0,0.0,0.0
85,695909292,0.2986435681511259,0.7644415499860899,0.2986435890197754,1.4067047834396362,0.7644415497779846,-0.18734484910964966,0.0,0.0,0.0
86,657540159,0.6992600075275288,-0.18398003570492505,0.6992599368095398,1.4147183895111084,-0.1839800328016281,0.16879156231880188,0.0,0.0,0.0
87,1508100295,0.35543051325585306,-0.7545049947944019,0.3554305136203766,1.4112002849578857,-0.7545050382614136,0.012448746711015701,0.0,0.0,0.0
88,226019867,-0.688761050613851,-0.7357103344425732,-0.6887610554695129,1.4107885360717773,-0.7357103228569031,-0.0058434586971998215,0.0,0.0,0.0
89,667780743,0.16035602738759758,0.37837257245033484,0.1603560447692871,1.4088196754455566,0.37837257981300354,-0.09338048100471497,0.0,0.0,0.0
90,498383730,-0.48177126426045885,0.2593120664883162,-0.4817712903022766,1.4037328958511353,0.25931206345558167,-0.31942954659461975,0.0,0.0,0.0
91,588981715,-0.595677041887833,-0.26945984832527603,-0.5956770181655884,1.422079086303711,-0.2694598436355591,0.4959498345851898,0.0,0.0,0.0
92,742924764,-0.06314849223837837,0.6615229644269982,-0.06314849853515625,1.4162870645523071,0.6615229845046997,0.23851533234119415,0.0,0.0,0.0
93,2053789632,0.24910316879645866,-0.4730072906191959,0.24910315871238708,1.4121785163879395,-0.47300729155540466,0.055904921144247055,0.0,0.0,0.0
94,1243069214,-0.46415885145200453,0.2867266290306443,-0.4641588628292084,1.4047658443450928,0.28672662377357483,-0.2735320031642914,0.0,0.0,0.0
95,432678313,-0.6379649153867981,-0.5340987836177629,-0.6379649043083191,1.412630558013916,-0.534098744392395,0.07600191235542297,0.0,0.0,0.0
96,634649199,0.41127841185599,0.10076049473342563,0.4112784266471863,1.3986880779266357,0.10076049715280533,-0.5436527132987976,0.0,0.0,0.0
97,37235637,-0.15366513515072222,-0.5458645822764636,-0.15366515517234802,1.4219698905944824,-0.5458645820617676,0.4910980761051178,0.0,0.0,0.0
98,1305772342,-0.04284750017230243,-0.41837801612877823,-0.042847536504268646,1.4181913137435913,-0.4183780252933502,0.32314732670783997,0.0,0.0,0.0
99,1165275128,0.10963159187510185,0.1768514816337795,0.10963163524866104,1.4077186584472656,0.17685148119926453,-0.1422761231660843,0.0,0.0,0.0
100,583811102,-0.5331419118387264,-0.3605387171832284,-0.5331419110298157,1.415700078010559,-0.3605387210845947,0.21243537962436676,0.0,0.0,0.0
101,1168068246,-0.23907704523296136,-0.6608540641876579,-0.23907704651355743,1.4193317890167236,-0.6608540415763855,0.37384361028671265,0.0,0.0,0.0
102,555937879,0.13572456985009396,-0.630101723304181,0.13572454452514648,1.421754002571106,-0.63010174036026,0.48150303959846497,0.0,0.0,0.0
103,800230316,-0.17793783717539857,0.21381979588451228,-0.17793779075145721,1.4131580591201782,0.21381978690624237,0.09946134686470032,0.0,0.0,0.0
104,1458649717,0.5971295424403971,0.19950847182520803,0.5971295237541199,1.3989859819412231,0.19950847327709198,-0.5304185748100281,0.0,0.0,0.0
105,1478023289,0.5898386835757641,-0.1890544118151365,0.5898386836051941,1.4166791439056396,-0.18905441462993622,0.2559516131877899,0.0,0.0,0.0
106,952651705,0.3487537418097435,0.44055192392512654,0.34875375032424927,1.413679599761963,0.44055190682411194,0.1226457878947258,0.0,0.0,0.0
107,621463961,0.5568542156294849,0.7654713350270288,0.556854248046875,1.3987325429916382,0.765471339225769,-0.5416820645332336,0.0,0.0,0.0
108,1251300265,0.2868850998347334,0.256860201313748,0.2868850827217102,1.4018992185592651,0.2568601965904236,-0.4009547829627991,0.0,0.0,0.0
109,413166735,0.44642003888793336,0.7797506099614333,0.44642001390457153,1.4090662002563477,0.779750645160675,-0.08240700513124466,0.0,0.0,0.0
110,78844491,-0.5462239590533189,-0.6539436239246452,-0.5462239980697632,1.3996822834014893,-0.653943657875061,-0.49947530031204224,0.0,0.0,0.0
111,288548080,-0.538981463135606,-0.31020025316444483,-0.5389814972877502,1.3996973037719727,-0.3102002739906311,-0.49878814816474915,0.0,0.0,0.0
112,1758747646,-0.046182822298037385,-0.6230901454269168,-0.046182822436094284,1.4049057960510254,-0.6230901479721069,-0.26730164885520935,0.0,0.0,0.0
113,60265409,-0.642644562088943,0.7471712289250205,-0.6426445841789246,1.405250906944275,0.7471712231636047,-0.25195935368537903,0.0,0.0,0.0
114,721080364,0.4890068343300287,0.6318653804622243,0.48900681734085083,1.4201819896697998,0.631865382194519,0.4116284251213074,0.0,0.0,0.0
115,229601205,-0.04340651016170427,0.006701387552059956,-0.04340648651123047,1.4073681831359863,0.006701387465000153,-0.15788452327251434,0.0,0.0,0.0
116,1515063585,0.3789731248457491,0.06653100758416675,0.3789730966091156,1.4100804328918457,0.06653100997209549,-0.03733230009675026,0.0,0.0,0.0
117,582664441,0.3680396596307842,-0.37741536291127425,0.36803969740867615,1.4086668491363525,-0.37741535902023315,-0.10014821588993073,0.0,0.0,0.0
118,1930167067,-0.07039115777033655,-0.7107298414892114,-0.07039117813110352,1.4120564460754395,-0.7107298374176025,0.05050482600927353,0.0,0.0,0.0
119,1027610996,0.10991154257226854,0.29341292730495505,0.10991153866052628,1.4154481887817383,0.2934129238128662,0.20124171674251556,0.0,0.0,0.0
120,2058213044,0.7606097112903085,0.346745327403575,0.7606096267700195,1.399579405784607,0.3467453122138977,-0.5040515661239624,0.0,0.0,0.0
121,739874895,0.5399743648656903,-0.7911594607336001,0.5399743914604187,1.398529291152954,-0.791159451007843,-0.5507039427757263,0.0,0.0,0.0
122,594460151,-0.33031763066024844,-0.77121991200114,-0.3303176462650299,1.3982371091842651,-0.7712199091911316,-0.5636916756629944,0.0,0.0,0.0
123,9883956,0.6724687780922187,-0.10835540036279967,0.6724687814712524,1.4189362525939941,-0.10835540294647217,0.35626375675201416,0.0,0.0,0.0
124,2050880929,0.6639015868218148,-0.0352055414629614,0.6639015078544617,1.421402931213379,-0.03520553931593895,0.4659067988395691,0.0,0.0,0.0
125,749775730,0.3735006384485615,-0.07370571992454455,0.37350064516067505,1.4074618816375732,-0.07370571792125702,-0.15369831025600433,0.0,0.0,0.0
126,1664184446,0.619066484493163,-0.4523378774717749,0.6190664172172546,1.421260118484497,-0.4523378908634186,0.4595550298690796,0.0,0.0,0.0
127,1005736261,0.08741614047096391,-0.024830988680740185,0.08741617202758789,1.4136555194854736,-0.02483098767697811,0.12155661731958389,0.0,0.0,0.0
128,537036580,0.5846828742999741,0.25499064107224,0.584682822227478,1.4147617816925049,0.2549906373023987,0.17073296010494232,0.0,0.0,0.0
129,828663290,-0.253714911388613,-0.6359902289040882,-0.2537148892879486,1.4010428190231323,-0.6359902620315552,-0.4389859139919281,0.0,0.0,0.0
130,1427199343,0.7288081070400194,-0.7874862333529533,0.7288080453872681,1.4101201295852661,-0.78748619556427,-0.03555484861135483,0.0,0.0,0.0
131,761445496,-0.3124808715675098,-0.5103700690323306,-0.3124808669090271,1.4178563356399536,-0.5103700757026672,0.3082467317581177,0.0,0.0,0.0
132,2057742878,-0.7217023861128724,0.09785023530462522,-0.7217023968696594,1.4023141860961914,0.09785023331642151,-0.3824881613254547,0.0,0.0,0.0
133,1654955899,-0.7256631140989298,-0.46874555752523134,-0.7256631255149841,1.415399432182312,-0.46874555945396423,0.19907896220684052,0.0,0.0,0.0
134,999665527,0.4966752716714369,0.05562306021589358,0.4966753125190735,1.3983230590820312,0.05562306195497513,-0.5598989725112915,0.0,0.0,0.0
135,1601570055,0.6867504087456322,0.6752252955950029,0.6867504119873047,1.3983286619186401,0.6752253174781799,-0.5596347451210022,0.0,0.0,0.0
136,12271510,0.7586242798874361,-0.402043100865807,0.758624255657196,1.4117618799209595,-0.40204310417175293,0.03741348907351494,0.0,0.0,0.0
137,1787728803,0.6513732406768229,0.08055444474143414,0.6513732671737671,1.40121591091156,0.08055444061756134,-0.4312930703163147,0.0,0.0,0.0
138,1945554712,-0.6337147940102414,-0.08934234405539387,-0.6337147951126099,1.401173710823059,-0.08934234082698822,-0.4331863820552826,0.0,0.0,0.0
139,628675380,0.39661592626736164,0.6489549688107601,0.3966158926486969,1.4179966449737549,0.6489549875259399,0.31451216340065,0.0,0.0,0.0
140,485269103,-0.7275371356984585,0.7231857299170599,-0.7275371551513672,1.4155163764953613,0.7231857180595398,0.20428116619586945,0.0,0.0,0.0
141,1372997985,0.16580837523985448,0.7292308767834372,0.16580839455127716,1.4144519567489624,0.7292308807373047,0.15694715082645416,0.0,0.0,0.0
142,89323474,0.5098590261835696,-0.7331426647843682,0.5098589658737183,1.4190280437469482,-0.7331426739692688,0.3603495657444,0.0,0.0,0.0
143,1586705974,0.1633229686280524,-0.31560078009041403,0.16332292556762695,1.4161138534545898,-0.31560078263282776,0.23083096742630005,0.0,0.0,0.0
144,391638893,-0.25875336130628246,-0.4103158655687075,-0.25875335931777954,1.4106254577636719,-0.4103158414363861,-0.013099257834255695,0.0,0.0,0.0
145,1169248461,-0.00375674568507256,-0.11820128342866743,-0.0037567138206213713,1.3990787267684937,-0.11820127815008163,-0.5262924432754517,0.0,0.0,0.0
146,1148949906,0.774064677538737,-0.2440404540794079,0.7740646600723267,1.4017233848571777,-0.24404045939445496,-0.4087430536746979,0.0,0.0,0.0
147,1856387900,-0.643122439113669,0.42166666852079415,-0.6431224346160889,1.4142229557037354,0.42166668176651,0.1467881202697754,0.0,0.0,0.0
148,1452815149,0.5716706383291053,0.5711402319382242,0.571670651435852,1.4216134548187256,0.5711402297019958,0.4752623736858368,0.0,0.0,0.0
149,118590695,0.4516193292165809,-0.7510892408176494,0.45161932706832886,1.400402307510376,-0.7510892152786255,-0.4674531817436218,0.0,0.0,0.0
150,816655702,0.04038334384535136,0.03799244776393529,0.040383338928222656,1.406595230102539,0.0379924476146698,-0.19221998751163483,0.0,0.0,0.0
151,1777571204,-0.5720678157203738,0.7842377865723249,-0.5720678567886353,1.4030125141143799,0.7842377424240112,-0.3514474630355835,0.0,0.0,0.0
152,25063030,-0.15265363453797887,-0.4109576978653129,-0.15265360474586487,1.4205918312072754,-0.4109577238559723,0.4298594892024994,0.0,0.0,0.0
153,1360549999,0.25394197585135947,-0.26183051888330056,0.25394201278686523,1.417734146118164,-0.26183050870895386,0.3028296232223511,0.0,0.0,0.0
154,1128058892,-0.1758357454894114,0.5488792071264352,-0.17583569884300232,1.4102730751037598,0.5488792061805725,-0.028786545619368553,0.0,0.0,0.0
155,1835097532,0.7586222464231029,0.030468171185417114,0.7586221694946289,1.4186208248138428,0.03046817146241665,0.34222620725631714,0.0,0.0,0.0
156,131059846,-0.7198630940349532,0.01700610427057292,-0.7198631167411804,1.4101179838180542,0.017006102949380875,-0.03564856946468353,0.0,0.0,0.0
157,1371903228,-0.5083506867492661,-0.28280333169339367,-0.5083507299423218,1.4049988985061646,-0.28280332684516907,-0.2631661593914032,0.0,0.0,0.0
158,1386590529,-0.08254830947747549,0.1506704319905111,-0.08254833519458771,1.404302954673767,0.15067043900489807,-0.2941065728664398,0.0,0.0,0.0
159,1177456203,0.6271092924524149,0.2439727448435265,0.6271093487739563,1.4207842350006104,0.2439727485179901,0.4383884072303772,0.0,0.0,0.0
160,882685052,-0.0070612750272947,0.7258549894100703,-0.007061290554702282,1.4038350582122803,0.7258549928665161,-0.3148924708366394,0.0,0.0,0.0
161,867409381,-0.03918418839505833,0.4231763371577617,-0.03918419033288956,1.4140597581863403,0.4231763482093811,0.13951978087425232,0.0,0.0,0.0
162,241021414,0.049857288805124744,0.09015325321754752,0.049857329577207565,1.4095417261123657,0.09015325456857681,-0.06126273423433304,0.0,0.0,0.0
163,674548240,-0.5211817722674714,-0.41807782150685374,-0.5211817622184753,1.4026724100112915,-0.4180777966976166,-0.3665650486946106,0.0,0.0,0.0
164,783109940,-0.11216993031713562,0.5439444942494327,-0.11216993629932404,1.4181205034255981,0.5439444780349731,0.320018470287323,0.0,0.0,0.0
165,2026472473,-0.4402958690510255,-0.14929811803230586,-0.44029587507247925,1.4017517566680908,-0.14929811656475067,-0.4074792265892029,0.0,0.0,0.0
166,1224070920,-0.530602769972577,0.3964277971450876,-0.5306028127670288,1.4020177125930786,0.39642781019210815,-0.39568203687667847,0.0,0.0,0.0
167,856913638,-0.36996364524795383,-0.6935202575154105,-0.3699636459350586,1.4113318920135498,-0.6935202479362488,0.01828078180551529,0.0,0.0,0.0
168,626537496,-0.31330881411199063,-0.16877210773845375,-0.31330880522727966,1.4185243844985962,-0.1687721163034439,0.3379545211791992,0.0,0.0,0.0
169,154517276,0.23947887132463763,-0.2789517943301988,0.23947887122631073,1.4026888608932495,-0.2789517939090729,-0.3658308684825897,0.0,0.0,0.0
170,916885238,0.681567539205538,0.0784272968435038,0.6815675497055054,1.3989334106445312,0.07842729985713959,-0.5327603816986084,0.0,0.0,0.0
171,515494164,-0.3965284829877733,-0.48375595677665423,-0.3965284824371338,1.4023784399032593,-0.4837559759616852,-0.37962663173675537,0.0,0.0,0.0
172,1344467073,0.47062347487028267,-0.17494766138474738,0.4706234931945801,1.4003236293792725,-0.17494766414165497,-0.4709596335887909,0.0,0.0,0.0
173,743363182,-0.3483453172574391,-0.6589422724589733,-0.3483453392982483,1.4118634462356567,-0.6589422821998596,0.04192282631993294,0.0,0.0,0.0
174,1926328121,0.21087803790109882,0.3088467157752903,0.21087798476219177,1.4130535125732422,0.30884671211242676,0.09479059278964996,0.0,0.0,0.0
175,1395484617,-0.75395305056304,-0.7013819811212744,-0.7539530396461487,1.4000322818756104,-0.7013819813728333,-0.483916699886322,0.0,0.0,0.0
176,126288124,-0.4050919827966606,-0.2957889334783168,-0.4050920009613037,1.4139362573623657,-0.2957889437675476,0.13402095437049866,0.0,0.0,0.0
177,244472222,0.7720641125857615,-0.7519541010342785,0.7720640301704407,1.4055092334747314,-0.7519540786743164,-0.2405189424753189,0.0,0.0,0.0
178,624263177,0.22630128497168855,-0.3651439533540991,0.22630128264427185,1.4201762676239014,-0.36514395475387573,0.41136276721954346,0.0,0.0,0.0
179,1916746531,-0.025165419787177234,-0.7175710049426014,-0.025165462866425514,1.403645634651184,-0.7175710201263428,-0.3233078718185425,0.0,0.0,0.0
180,1882517521,-0.75224315482422,0.39294192876540235,-0.752243161201477,1.4180011749267578,0.3929419219493866,0.31469547748565674,0.0,0.0,0.0
181,893071467,0.7215900726594378,-0.08247781058571779,0.7215900421142578,1.4076147079467773,-0.08247780799865723,-0.14692115783691406,0.0,0.0,0.0
182,171120969,0.4958995813512155,0.44010204830772315,0.49589958786964417,1.4054944515228271,0.4401020407676697,-0.24115696549415588,0.0,0.0,0.0
183,790228919,0.17453944408810362,0.5669267230534263,0.1745394766330719,1.407118797302246,0.5669267177581787,-0.16897134482860565,0.0,0.0,0.0
184,1786810991,-0.2662984806752603,-0.31792215501059645,-0.26629847288131714,1.4091541767120361,-0.3179221749305725,-0.07848764210939407,0.0,0.0,0.0
185,52965927,-0.5877681029701481,-0.5280170340599697,-0.5877681374549866,1.4011636972427368,-0.5280170440673828,-0.4336225688457489,0.0,0.0,0.0
186,1729187195,-0.5037994363956464,0.5485147183980299,-0.5037994384765625,1.4087886810302734,0.548514723777771,-0.09472421556711197,0.0,0.0,0.0
187,1240058640,-0.386299198177602,0.6593571907982592,-0.386299192905426,1.40926992893219,0.6593571901321411,-0.07336679100990295,0.0,0.0,0.0
188,821825863,-0.02173411854216345,0.4780659032145058,-0.021734142675995827,1.3983466625213623,0.4780659079551697,-0.5588274598121643,0.0,0.0,0.0
189,1952289020,-0.6670606868689346,0.20306107457965727,-0.6670606732368469,1.3994224071502686,0.2030610740184784,-0.5110214352607727,0.0,0.0,0.0
190,457488617,0.2057890337234447,-0.017089225907122363,0.2057889997959137,1.4198375940322876,-0.017089225351810455,0.3963312804698944,0.0,0.0,0.0
191,815712761,-0.3142639646423874,-0.7694016558544127,-0.3142639696598053,1.4047342538833618,-0.7694016695022583,-0.27495676279067993,0.0,0.0,0.0
192,134902683,0.3067063719317171,-0.7994846465755018,0.30670633912086487,1.4184331893920898,-0.7994846105575562,0.33390289545059204,0.0,0.0,0.0
193,934119719,-0.4647926093483079,0.722410954933274,-0.4647926390171051,1.3987127542495728,0.7224109768867493,-0.5425645112991333,0.0,0.0,0.0
194,22390618,-0.7081936002726593,-0.6316461502105911,-0.7081936001777649,1.413446307182312,-0.6316461563110352,0.1122584268450737,0.0,0.0,0.0
195,590562343,-0.47807334906431476,-0.08545447447832877,-0.4780733585357666,1.4162485599517822,-0.08545447885990143,0.23681585490703583,0.0,0.0,0.0
196,1269560368,0.23259667259404804,-0.7731887662048864,0.23259668052196503,1.4050066471099854,-0.7731887698173523,-0.26282772421836853,0.0,0.0,0.0
197,1785119941,0.3143137729388523,-0.014710474543002006,0.3143137991428375,1.4185653924942017,-0.014710473828017712,0.3397890031337738,0.0,0.0,0.0
198,965189358,-0.044250354183260066,0.009758605342855553,-0.04425039142370224,1.420029640197754,0.009758604690432549,0.4048559069633484,0.0,0.0,0.0
199,1798176648,0.2565409161304375,-0.301106452019503,0.25654086470603943,1.4202182292938232,-0.30110645294189453,0.4132521450519562,0.0,0.0,0.0
200,69892020,0.20238676016147172,-0.23447218478516485,0.2023867666721344,1.4034520387649536,-0.23447218537330627,-0.33193668723106384,0.0,0.0,0.0
201,1722285593,0.2932294243079523,-0.6981854455765832,0.2932294011116028,1.3988564014434814,-0.6981854438781738,-0.5361615419387817,0.0,0.0,0.0
202,1838200024,0.5419828967635305,-0.2889216308142484,0.5419829487800598,1.4158023595809937,-0.28892165422439575,0.2169947326183319,0.0,0.0,0.0
203,2126813241,-0.4290116085794651,-0.6394354065009922,-0.42901164293289185,1.41649329662323,-0.6394354104995728,0.24768711626529694,0.0,0.0,0.0
204,1376935700,-0.41986084645167665,0.5633820366348685,-0.41986083984375,1.4037657976150513,0.5633820295333862,-0.31799060106277466,0.0,0.0,0.0
205,1075994928,0.7193455908803787,0.08199863968842125,0.7193456888198853,1.4066426753997803,0.08199863880872726,-0.19012397527694702,0.0,0.0,0.0
206,2130197154,-0.5061717578150262,-0.07410954762861954,-0.5061717629432678,1.412536859512329,-0.07410954684019089,0.07185161858797073,0.0,0.0,0.0
207,1512169714,-0.0795500712492323,-0.4132362747475883,-0.07955007255077362,1.4192906618118286,-0.4132362902164459,0.37200117111206055,0.0,0.0,0.0
208,1813899210,-0.6018003590315907,-0.44400098481836764,-0.6018003821372986,1.404333233833313,-0.4440010190010071,-0.2927553355693817,0.0,0.0,0.0
209,1329058962,-0.37613958531687575,0.26732386341286474,-0.3761395812034607,1.4087861776351929,0.2673238515853882,-0.0948382243514061,0.0,0.0,0.0
210,230627142,0.7764797272557444,-0.6369231588734201,0.7764797210693359,1.401535153388977,-0.6369231939315796,-0.417111873626709,0.0,0.0,0.0
211,987606443,-0.2940445632108005,0.04896500508402679,-0.294044554233551,1.401860237121582,0.048965003341436386,-0.4026588499546051,0.0,0.0,0.0
212,1428704328,-0.6718538259299947,-0.16310385926703252,-0.6718538403511047,1.4035857915878296,-0.163103848695755,-0.3259800672531128,0.0,0.0,0.0
213,813158061,0.6410894633507627,0.4707159867993216,0.6410894393920898,1.408036231994629,0.4707159996032715,-0.12818248569965363,0.0,0.0,0.0
214,1749950354,0.2351832065528121,-0.514448595707286,0.2351832389831543,1.410378336906433,-0.5144485831260681,-0.024082966148853302,0.0,0.0,0.0
215,889174518,0.08466085395031031,0.5097539348725695,0.08466081321239471,1.3989803791046143,0.509753942489624,-0.530651867389679,0.0,0.0,0.0
216,1871442016,-0.46191971967068196,0.4590925457723838,-0.46191972494125366,1.4079774618148804,0.45909255743026733,-0.13078682124614716,0.0,0.0,0.0
217,1938763919,0.12123903985952489,0.4751075270854732,0.12123899161815643,1.4187405109405518,0.4751075208187103,0.34757000207901,0.0,0.0,0.0
218,1242605113,-0.6484681739486048,0.33521749124529676,-0.6484681963920593,1.4204241037368774,0.33521750569343567,0.4223826825618744,0.0,0.0,0.0
219,1828995021,-0.07750054250091853,0.6343451448075004,-0.07750053703784943,1.3988659381866455,0.6343451738357544,-0.5357345342636108,0.0,0.0,0.0
220,1937516710,-0.03527121513563214,0.5806895407287707,-0.03527116775512695,1.4174325466156006,0.580689549446106,0.2894384562969208,0.0,0.0,0.0
221,1972458574,-0.3587922588480572,0.20437996234318057,-0.358792245388031,1.4018512964248657,0.20437996089458466,-0.40307360887527466,0.0,0.0,0.0
222,1627593572,0.42387895532744024,-0.3538348765517375,0.4238789677619934,1.4076287746429443,-0.353834867477417,-0.14628417789936066,0.0,0.0,0.0
223,550002066,0.7022483906364216,0.7901476767283981,0.7022483944892883,1.4089936017990112,0.7901476621627808,-0.08563417941331863,0.0,0.0,0.0
224,928135450,-0.20597503323536748,0.05554638594825756,-0.20597505569458008,1.408344030380249,0.05554638430476189,-0.11450738459825516,0.0,0.0,0.0
225,1388859855,-0.6808345150507793,0.5787397561941314,-0.6808345317840576,1.3994985818862915,0.5787397623062134,-0.5076401829719543,0.0,0.0,0.0
226,253571847,0.7880451358022922,0.42028877309117485,0.7880451083183289,1.421926736831665,0.42028874158859253,0.4891851544380188,0.0,0.0,0.0
227,424193372,-0.5446108672883525,0.414196013879494,-0.544610857963562,1.3988771438598633,0.4141960144042969,-0.5352506637573242,0.0,0.0,0.0
228,463024751,0.3758155114572106,0.0977855812563545,0.3758154809474945,1.4099708795547485,0.0977855771780014,-0.042196281254291534,0.0,0.0,0.0
229,1373742587,0.43084032349145174,-0.5303208223487665,0.43084031343460083,1.4186047315597534,-0.5303208231925964,0.3415354788303375,0.0,0.0,0.0
230,802303837,0.22526208934022263,-0.2534513325087201,0.22526207566261292,1.398870825767517,-0.25345131754875183,-0.5355382561683655,0.0,0.0,0.0
231,1783498037,0.4097039977642183,0.3727284026937794,0.4097040295600891,1.406713604927063,0.3727284073829651,-0.1869528442621231,0.0,0.0,0.0
232,1601410155,-0.2867148461020097,-0.22381455792684812,-0.2867148518562317,1.3990426063537598,-0.22381456196308136,-0.527908205986023,0.0,0.0,0.0
233,576219794,0.6759004684652887,-0.19294107664437787,0.6759004592895508,1.40862238407135,-0.1929410845041275,-0.10214591771364212,0.0,0.0,0.0
234,594444028,0.3016398761296093,0.22378601943522392,0.3016398549079895,1.4214279651641846,0.22378602623939514,0.4670012295246124,0.0,0.0,0.0
235,66531776,0.7084452576786153,0.26358282350108686,0.7084451913833618,1.4134724140167236,0.26358282566070557,0.11342210322618484,0.0,0.0,0.0
236,67451976,0.5966533988974729,-0.04455284711304475,0.5966533422470093,1.3982492685317993,-0.04455284774303436,-0.5631579756736755,0.0,0.0,0.0
237,1395986010,0.2859369196973489,0.4589450175106591,0.2859369218349457,1.4141807556152344,0.45894503593444824,0.1448950469493866,0.0,0.0,0.0
238,1372420504,0.06977756691220416,0.7736012155823517,0.06977758556604385,1.4136464595794678,0.7736011743545532,0.12116964906454086,0.0,0.0,0.0
239,651841002,0.7645603359207702,0.15465991575336857,0.764560341835022,1.400315284729004,0.1546599119901657,-0.4713275730609894,0.0,0.0,0.0
240,1636612707,0.3218942731054433,0.6948503333157878,0.32189425826072693,1.4134511947631836,0.6948503255844116,0.11246539652347565,0.0,0.0,0.0
241,452221964,0.009870177611157716,-0.14201052373827783,0.009870147332549095,1.4182549715042114,-0.14201052486896515,0.32599374651908875,0.0,0.0,0.0
242,1821731862,0.6386701231660614,-0.07336518551291005,0.6386701464653015,1.3995239734649658,-0.07336518913507462,-0.5065097212791443,0.0,0.0,0.0
243,123984911,0.7866379863738877,-0.7910877580163224,0.786638081073761,1.4066061973571777,-0.7910877466201782,-0.19172371923923492,0.0,0.0,0.0
244,1686778320,-0.02853144236230576,0.12888096244446134,-0.028531456366181374,1.4099258184432983,0.12888096272945404,-0.04418717324733734,0.0,0.0,0.0
245,880264374,0.2768003342661063,0.7017417794442302,0.27680033445358276,1.4142768383026123,0.7017418146133423,0.14917920529842377,0.0,0.0,0.0
246,1171302208,-0.65795853742469,-0.4328943154322934,-0.6579585075378418,1.4059433937072754,-0.4328943192958832,-0.2211904525756836,0.0,0.0,0.0
247,645818112,0.46263080021806124,-0.6584975542846465,0.46263083815574646,1.4098844528198242,-0.6584975719451904,-0.0460251122713089,0.0,0.0,0.0
248,1992289477,-0.7915670153324493,0.043933055783156205,-0.7915670275688171,1.4199011325836182,0.04393305629491806,0.3991353213787079,0.0,0.0,0.0
249,313246075,0.22043749886005237,-0.4103594296694555,0.22043752670288086,1.4196137189865112,-0.4103594422340393,0.38634806871414185,0.0,0.0,0.0
250,1889010639,-0.3898496462551629,0.25497710595952805,-0.3898496627807617,1.3987396955490112,0.25497710704803467,-0.5413624048233032,0.0,0.0,0.0
251,2024720233,0.007573467522608901,0.6796788110652634,0.007573509123176336,1.4187926054000854,0.6796787977218628,0.34985873103141785,0.0,0.0,0.0
252,1804064796,-0.05373291983345008,-0.1458184858783893,-0.053732968866825104,1.411838173866272,-0.14581848680973053,0.0407986082136631,0.0,0.0,0.0
253,1786187759,-0.5983680458513936,-0.6089629902090166,-0.5983680486679077,1.4074064493179321,-0.6089630126953125,-0.15616768598556519,0.0,0.0,0.0
254,989960034,0.5549045597578626,-0.6967369821139976,0.554904580116272,1.4187095165252686,-0.6967369914054871,0.34618788957595825,0.0,0.0,0.0
255,1905578091,-0.4175409227764636,0.1817656158654296,-0.41754093766212463,1.4145944118499756,0.181765615940094,0.16330267488956451,0.0,0.0,0.0
256,1958129221,0.5667478987441938,0.6628651668763179,0.5667478442192078,1.4219404458999634,0.662865161895752,0.4897652864456177,0.0,0.0,0.0
257,1850992617,-0.7191554892132693,-0.22463262580042265,-0.719155490398407,1.41666841506958,-0.2246326208114624,0.2554672062397003,0.0,0.0,0.0
258,1474258078,-0.3506682001857604,-0.343544041624382,-0.35066819190979004,1.3990745544433594,-0.34354403614997864,-0.526473343372345,0.0,0.0,0.0
259,292536559,0.6933560660921274,0.22179418288430663,0.6933561563491821,1.4032902717590332,0.22179417312145233,-0.3391093313694,0.0,0.0,0.0
260,1081232581,-0.44826023288439104,0.26350471880409154,-0.44826021790504456,1.4025412797927856,0.2635047137737274,-0.37240496277809143,0.0,0.0,0.0
261,1564819839,0.2972862734679276,0.4704128000861807,0.29728633165359497,1.41093909740448,0.4704127907752991,0.0008354441961273551,0.0,0.0,0.0
262,286497476,-0.21252444947590698,-0.4196290398696995,-0.21252445876598358,1.4008475542068481,-0.4196290373802185,-0.44767823815345764,0.0,0.0,0.0
263,1605952649,0.6367194385602817,-0.07188421575939041,0.6367195248603821,1.4040635824203491,-0.07188421487808228,-0.30473849177360535,0.0,0.0,0.0
264,200068483,-0.6254790674570707,0.7105583863406435,-0.6254791021347046,1.3985315561294556,0.7105583548545837,-0.5506057143211365,0.0,0.0,0.0
265,585620245,0.16518629490362646,-0.3839192889896806,0.1651863157749176,1.403695821762085,-0.38391929864883423,-0.3210902214050293,0.0,0.0,0.0
266,1469933337,-0.49160772661490776,0.5411382732221364,-0.4916077256202698,1.403520107269287,0.5411382913589478,-0.3288854956626892,0.0,0.0,0.0
267,116008735,0.3949475110044345,-0.19072995326133702,0.39494752883911133,1.4052307605743408,-0.19072994589805603,-0.2528592348098755,0.0,0.0,0.0
268,581611928,-0.10202979560241177,0.7887807368127706,-0.10202980041503906,1.4107472896575928,0.7887807488441467,-0.007689096033573151,0.0,0.0,0.0
269,744067628,-0.7675477547932262,0.5058731918710007,-0.7675477266311646,1.3991456031799316,0.5058732032775879,-0.5233253240585327,0.0,0.0,0.0
270,1345901386,-0.31841162908147763,-0.2011417411799158,-0.318411648273468,1.4192023277282715,-0.20114174485206604,0.3680930435657501,0.0,0.0,0.0
271,223603263,-0.5805030359899273,0.40663140243132934,-0.5805030465126038,1.3994619846343994,0.4066314101219177,-0.5092549324035645,0.0,0.0,0.0
272,1169030516,-0.7291685492770239,-0.08921324991044188,-0.7291685342788696,1.406732201576233,-0.08921325206756592,-0.18612763285636902,0.0,0.0,0.0
273,1599238136,-0.7710103573733632,-0.15332930990074556,-0.7710103392601013,1.4075510501861572,-0.15332931280136108,-0.149750217795372,0.0,0.0,0.0
274,1609733005,-0.45500174729049303,-0.12585976609435323,-0.45500174164772034,1.4128583669662476,-0.12585976719856262,0.0861503854393959,0.0,0.0,0.0
275,60405287,0.4264778357598362,0.5279808123480907,0.4264778196811676,1.4068666696548462,0.5279808044433594,-0.18017825484275818,0.0,0.0,0.0
276,1774614431,-0.49890885984374056,0.0796632188781995,-0.4989088475704193,1.4178738594055176,0.0796632170677185,0.3090466856956482,0.0,0.0,0.0
277,1043720662,-0.6264352678909445,-0.30676651879943134,-0.6264352798461914,1.4001976251602173,-0.3067665100097656,-0.4765588045120239,0.0,0.0,0.0
278,1602030473,0.6922749166675322,-0.6847268067900961,0.6922748684883118,1.4180744886398315,-0.6847268342971802,0.3179573118686676,0.0,0.0,0.0
279,1774598066,0.1702816126957547,0.3819033278052779,0.17028160393238068,1.4211775064468384,0.38190335035324097,0.45588722825050354,0.0,0.0,0.0
280,1536042010,0.26784039478480093,-0.29712752492158645,0.2678403854370117,1.406049132347107,-0.29712754487991333,-0.2165001481771469,0.0,0.0,0.0
281,1296415508,-0.6810080598037509,0.027541984741051406,-0.6810080409049988,1.4191408157348633,0.027541985735297203,0.36535537242889404,0.0,0.0,0.0
282,1951647352,-0.5345184434339091,-0.12197851627096123,-0.5345184206962585,1.4033160209655762,-0.1219785213470459,-0.3379686176776886,0.0,0.0,0.0
283,460733693,-0.6445416936313016,0.3549732931314409,-0.6445416808128357,1.4110767841339111,0.35497328639030457,0.006957210134714842,0.0,0.0,0.0
284,1887839194,0.6256993049807891,-0.6066756602871624,0.6256992220878601,1.4170647859573364,-0.6066756844520569,0.2730964124202728,0.0,0.0,0.0
285,904342164,-0.6609796770901291,-0.1428622945116752,-0.660979688167572,1.4049590826034546,-0.14286229014396667,-0.2649460434913635,0.0,0.0,0.0
286,221337892,0.5359373319908032,-0.15243303115875018,0.5359373092651367,1.4202821254730225,-0.15243302285671234,0.4160703122615814,0.0,0.0,0.0
287,1293998076,0.4568196697066538,0.20089975085578304,0.456819623708725,1.4007847309112549,0.20089974999427795,-0.450469970703125,0.0,0.0,0.0
288,959788703,-0.6778642318304334,0.7395279476950571,-0.6778642535209656,1.4212820529937744,0.7395279407501221,0.4605291485786438,0.0,0.0,0.0
289,62787811,0.49886716242014484,-0.056510185905935595,0.49886712431907654,1.4055900573730469,-0.056510187685489655,-0.236909881234169,0.0,0.0,0.0
290,1911790372,0.7031187969518551,-0.22088856033259197,0.7031186819076538,1.401539921760559,-0.22088856995105743,-0.4169017970561981,0.0,0.0,0.0
291,1452386286,0.7675885219268599,-0.036370552858352334,0.7675886154174805,1.4044761657714844,-0.03637055307626724,-0.2863960266113281,0.0,0.0,0.0
292,861905043,-0.19808586538033846,0.521258990812991,-0.19808587431907654,1.4074790477752686,0.5212589502334595,-0.152942955493927,0.0,0.0,0.0
293,33557341,0.2792322329317176,-0.22552550574525565,0.2792322039604187,1.4097223281860352,-0.22552549839019775,-0.05326346680521965,0.0,0.0,0.0
294,1968158754,-0.016945125744146083,-0.7919171900917986,-0.01694517210125923,1.402043342590332,-0.7919172048568726,-0.39452865719795227,0.0,0.0,0.0
295,1569880741,0.17425203769146813,0.1427080329154533,0.17425203323364258,1.4041035175323486,0.14270803332328796,-0.30297955870628357,0.0,0.0,0.0
296,2094708717,0.612785224104212,-0.5862574756637265,0.6127851605415344,1.4198174476623535,-0.5862574577331543,0.3954319953918457,0.0,0.0,0.0
297,626209299,0.672530566894215,-0.24567939356938084,0.6725305318832397,1.417109727859497,-0.24567940831184387,0.27509447932243347,0.0,0.0,0.0
298,345113150,0.5234926853417989,-0.3096606923774264,0.523492693901062,1.4089072942733765,-0.3096607029438019,-0.08945395797491074,0.0,0.0,0.0
299,286340482,0.3709485501200658,-0.6868280612759572,0.3709484934806824,1.4176124334335327,-0.6868280172348022,0.2974205017089844,0.0,0.0,0.0
300,588060534,0.36249834566218864,0.4001353298903745,0.36249837279319763,1.4186205863952637,0.400135338306427,0.3422497808933258,0.0,0.0,0.0
301,1562456108,0.32298777408663537,-0.6906544659763512,0.32298773527145386,1.4196133613586426,-0.690654456615448,0.3863525390625,0.0,0.0,0.0
302,1581055371,0.6099994548018737,-0.7565827138998451,0.6099994778633118,1.420499324798584,-0.7565827369689941,0.4257350265979767,0.0,0.0,0.0
303,939185871,0.1592667409563715,0.6573345831395947,0.15926675498485565,1.4199590682983398,0.657334566116333,0.4017108678817749,0.0,0.0,0.0
304,1235193594,-0.7314682989624712,-0.7611944802078379,-0.7314683198928833,1.4206335544586182,-0.7611944675445557,0.43167877197265625,0.0,0.0,0.0
305,1550110083,0.47487109785734805,0.12172911646391515,0.47487106919288635,1.4158378839492798,0.12172911316156387,0.21857081353664398,0.0,0.0,0.0
306,767100266,-0.15229978783502074,-0.11851421842843612,-0.15229979157447815,1.4042822122573853,-0.11851421743631363,-0.2950243055820465,0.0,0.0,0.0
307,1775315640,-0.22339124949858746,-0.009162949918503749,-0.22339124977588654,1.413554310798645,-0.00916294939815998,0.11707112938165665,0.0,0.0,0.0
308,253685681,0.038950549721812444,-0.5049183418924503,0.038950540125370026,1.405672550201416,-0.5049183368682861,-0.23324839770793915,0.0,0.0,0.0
309,1633039757,-0.15307977705555054,0.20101850218795736,-0.1530797928571701,1.421706199645996,0.20101849734783173,0.47935864329338074,0.0,0.0,0.0
310,426878082,-0.6415059460061547,-0.37372983565213985,-0.6415059566497803,1.4164481163024902,-0.3737298250198364,0.2456875592470169,0.0,0.0,0.0
311,931088333,0.6486396730459791,0.3073351244929927,0.6486396789550781,1.4071664810180664,0.30733510851860046,-0.16682934761047363,0.0,0.0,0.0
312,233020741,0.2763618629344484,0.2584685086663052,0.2763618528842926,1.4140626192092896,0.25846850872039795,0.13963967561721802,0.0,0.0,0.0
313,321104617,0.2917345960586455,0.11642001456962048,0.29173460602760315,1.4191418886184692,0.11642001569271088,0.36540764570236206,0.0,0.0,0.0
314,1639806757,-0.7516194478221966,-0.6037459902623761,-0.7516194581985474,1.4149885177612305,-0.6037459969520569,0.1807841956615448,0.0,0.0,0.0
315,1415609443,-0.6043484116782774,0.22079822202832067,-0.6043484210968018,1.4005606174468994,0.22079822421073914,-0.46045148372650146,0.0,0.0,0.0
316,1375016442,0.6686079763635688,0.09757575723741374,0.6686078906059265,1.412506341934204,0.09757576137781143,0.0704968273639679,0.0,0.0,0.0
317,1625242512,0.3926874772608959,-0.7136775971989513,0.39268749952316284,1.4088871479034424,-0.7136775851249695,-0.09035739302635193,0.0,0.0,0.0
318,924032943,-0.7239838467664692,0.08954091315065471,-0.7239838242530823,1.4041969776153564,0.08954091370105743,-0.298805296421051,0.0,0.0,0.0
319,805957211,-0.15742162939793491,0.0901754005791654,-0.15742158889770508,1.405658483505249,0.09017540514469147,-0.23384429514408112,0.0,0.0,0.0
320,353200484,0.6670355060703226,-0.5306328838028329,0.6670354604721069,1.402826189994812,-0.5306328535079956,-0.3597242534160614,0.0,0.0,0.0
321,1440612902,0.08576064867175714,0.3722590927081826,0.0857606902718544,1.4136359691619873,0.37225908041000366,0.12071088701486588,0.0,0.0,0.0
322,1072951446,-0.6834723028480814,-0.14163021751179006,-0.6834722757339478,1.4151872396469116,-0.14163021743297577,0.1896505504846573,0.0,0.0,0.0
323,1717708834,0.04882043707617656,-0.3489905989329296,0.04882039874792099,1.406139612197876,-0.34899061918258667,-0.21248480677604675,0.0,0.0,0.0
324,324576056,0.7874467018733815,-0.015812808209971996,0.7874467968940735,1.4165610074996948,-0.015812808647751808,0.2507033050060272,0.0,0.0,0.0
325,1043075022,0.1628859107340872,0.5371490651963009,0.16288594901561737,1.4008567333221436,0.5371490716934204,-0.4472786784172058,0.0,0.0,0.0
326,1970269961,-0.23784929716580394,-0.6254252613814022,-0.23784928023815155,1.3985880613327026,-0.6254252195358276,-0.5481040477752686,0.0,0.0,0.0
327,110878897,0.43057515774900246,-0.07029552846341625,0.4305751919746399,1.4168426990509033,-0.07029552757740021,0.26319488883018494,0.0,0.0,0.0
328,176865162,-0.40345853547472665,0.6212569512542199,-0.40345853567123413,1.4153542518615723,0.621256947517395,0.19707413017749786,0.0,0.0,0.0
329,548674510,-0.48468456603281357,-0.60625974557709,-0.484684556722641,1.4078903198242188,-0.6062597036361694,-0.1346626579761505,0.0,0.0,0.0
330,1188201133,0.6471237241045305,-0.7209838893062175,0.6471236944198608,1.415043830871582,-0.7209838628768921,0.18326525390148163,0.0,0.0,0.0
331,1768873092,-0.533003935093735,-0.3047668717625845,-0.5330039262771606,1.408315896987915,-0.30476686358451843,-0.11576105654239655,0.0,0.0,0.0
332,1913795861,0.7174906630271227,0.6605316639481229,0.717490553855896,1.408430814743042,0.6605316400527954,-0.11064474284648895,0.0,0.0,0.0
