common_success_mean,common_success_std,crash_mean,crash_std,on_pad_mean,on_pad_std,both_legs_mean,both_legs_std,low_velocity_mean,low_velocity_std,low_omega_mean,low_omega_std,final_x_abs_mean,final_x_abs_std,touchdown_speed_mean,touchdown_speed_std,episode_length_mean,episode_length_std,return_sum_mean,return_sum_std,regime,source,num_episodes
0.15822784810126583,0.3649545124895821,0.25316455696202533,0.43482440600804223,0.6139240506329114,0.4868483446489161,0.4810126582278481,0.49963935078457095,1.0,0.0,0.7848101265822784,0.41095400204425137,0.2037560874566766,0.13583811705118662,0.037832213597133076,0.07214441818407302,695.2658227848101,191.1491040291805,119.67762824110538,109.78967706752445,biased,full_eval_adaptive_bias_common,158
0.1518987341772152,0.3589227057913374,0.2468354430379747,0.4311701602595215,0.6012658227848101,0.4896378591732011,0.46835443037974683,0.498997553023469,1.0,0.0,0.8037974683544303,0.39712353017850616,0.20307912889726554,0.12917640674592662,0.03553234596966185,0.0660697657527639,701.2341772151899,192.86570285628048,118.48140013883952,107.46630034962865,biased,full_eval_adaptive_gain_common,158
0.16455696202531644,0.37078021559181795,0.3037974683544304,0.4598962563186063,0.5949367088607594,0.4909042893586156,0.4873417721518987,0.4998397435856272,0.9936708860759493,0.07930357016545357,0.7468354430379747,0.43482440600804223,0.24028258511348616,0.18310444639310497,0.04834784980848438,0.08645452847374001,699.8037974683544,206.8297917863608,97.12465228133411,117.7974410859629,biased,full_eval_pd_common,158
0.31645569620253167,0.46509298913604646,0.0189873417721519,0.1364801180559989,0.5126582278481012,0.4998397435856272,0.7151898734177216,0.451323961671065,1.0,0.0,0.9936708860759493,0.07930357016545357,0.2009149622304742,0.12247534883471535,0.0017264511025709423,0.016148921603035975,357.22151898734177,92.05616223419057,240.74646376644614,43.36445153540519,biased,original_eval_common,158
1.0,0.0,0.0,0.0,1.0,0.0,1.0,0.0,1.0,0.0,1.0,0.0,0.10061748068090054,0.06356204113544664,0.0,0.0,666.8037974683544,160.62332928198776,225.89849779890247,29.728451462792133,biased,reduced_eval_common,158
0.11392405063291139,0.31771899741800347,0.11392405063291139,0.3177189974180034,0.5886075949367089,0.4920860637322826,0.3670886075949367,0.48201095606733596,1.0,0.0,0.9240506329113924,0.2649170827399538,0.193547983807099,0.09731428424679836,0.017135913147144292,0.04649628284160609,748.1962025316456,195.43170191184825,132.54972914380218,78.10539433139476,delay1,full_eval_adaptive_bias_common,158
0.12025316455696203,0.32525734576024296,0.0949367088607595,0.2931274981496053,0.6392405063291139,0.4802208673071298,0.3670886075949367,0.48201095606733596,1.0,0.0,0.930379746835443,0.25450594003649496,0.18918144214261748,0.100222161862147,0.015463562718826632,0.041741177934787356,756.5506329113924,190.87229966152879,136.90115638716057,77.86922172305238,delay1,full_eval_adaptive_gain_common,158
0.12025316455696203,0.32525734576024296,0.13924050632911392,0.34619732483993276,0.5949367088607594,0.4909042893586156,0.4240506329113924,0.49419803079215113,1.0,0.0,0.8987341772151899,0.3016803870332401,0.19993338004179015,0.11810012194589595,0.0234187958028856,0.053970244196223614,753.1962025316456,208.08495279696692,118.6136838242213,82.47242783343228,delay1,full_eval_pd_common,158
0.4620253164556962,0.49855583780526525,0.006329113924050633,0.07930357016545359,0.6518987341772152,0.47636831816920794,0.7341772151898734,0.4417703383953202,1.0,0.0,1.0,0.0,0.16495666357606079,0.07688209002876488,0.00017506775100860258,0.002045693103590554,397.2974683544304,139.81848583407182,247.27324943090198,27.613739319111538,delay1,original_eval_common,158
1.0,0.0,0.0,0.0,1.0,0.0,1.0,0.0,1.0,0.0,1.0,0.0,0.10061748068090054,0.06356204113544664,0.0,0.0,666.8037974683544,160.62332928198776,225.89849779890247,29.728451462792133,delay1,reduced_eval_common,158
0.04430379746835443,0.20576921781023866,0.25949367088607594,0.4383568245803239,0.26582278481012656,0.44177033839532015,0.41139240506329117,0.4920860637322827,0.7531645569620253,0.43117016025952143,0.7531645569620253,0.4311701602595215,0.5080819070292047,0.3531300780369582,0.2162635830998766,0.2806549290313491,526.3037974683544,244.49443339320177,21.029123385112616,157.16242330230833,hard,full_eval_adaptive_bias_common,158
0.05063291139240506,0.21924693766694653,0.23417721518987342,0.42348346729924313,0.25316455696202533,0.43482440600804223,0.43037974683544306,0.4951292965976695,0.7278481012658228,0.44506768333542185,0.7911392405063291,0.40649470185649145,0.5118113975394282,0.3492132432407029,0.2159405972849495,0.28403952692418644,529.4620253164557,249.29644384217315,25.316586912912918,155.1210730176883,hard,full_eval_adaptive_gain_common,158
0.03164556962025317,0.17505464159416873,0.25316455696202533,0.43482440600804223,0.25316455696202533,0.43482440600804223,0.41139240506329117,0.4920860637322827,0.7341772151898734,0.44177033839532015,0.7721518987341772,0.41944408926027565,0.5304454555499214,0.35830223401112876,0.2336871525691114,0.2949243657618683,506.95569620253167,239.5022619521818,13.22850470978178,158.5556736165503,hard,full_eval_pd_common,158
0.15822784810126583,0.3649545124895821,0.13291139240506328,0.33947894511149074,0.3670886075949367,0.48201095606733596,0.5126582278481012,0.4998397435856272,0.9113924050632911,0.2841765103878943,0.8544303797468354,0.3526742206520262,0.32927501372863316,0.24732383101046349,0.0732530406547481,0.20415823381342327,369.06962025316454,121.81632350390358,181.84492322274986,122.64955226623813,hard,original_eval_common,158
0.17721518987341772,0.3818507121265406,0.34810126582278483,0.47636831816920794,0.2848101265822785,0.451323961671065,0.45569620253164556,0.4980333056431899,0.7531645569620253,0.43117016025952143,0.6772151898734177,0.4675412029737363,0.4874656401468512,0.3544754501040241,0.215399455802608,0.2531384756344186,558.5126582278481,230.27910245969494,31.016607969784996,148.43842532826764,hard,reduced_eval_common,158
0.12658227848101267,0.3325044439636378,0.0759493670886076,0.2649170827399538,0.6265822784810127,0.483711615298367,0.36075949367088606,0.4802208673071299,1.0,0.0,0.9430379746835443,0.2317700433367159,0.18859084952575497,0.10245679472375772,0.014812041208904708,0.04004057578598841,772.7341772151899,193.9220911590861,136.89656391827307,72.08675685877813,nominal,full_eval_adaptive_bias_common,158
0.10126582278481013,0.3016803870332401,0.08860759493670886,0.28417651038789427,0.6075949367088608,0.4882861144806559,0.34810126582278483,0.4763683181692079,1.0,0.0,0.9240506329113924,0.2649170827399538,0.1871149204199827,0.09694741826374323,0.0165436251662064,0.044469338860009,764.4303797468355,193.84580088335406,136.14763056306418,76.70346854457183,nominal,full_eval_adaptive_gain_common,158
0.15822784810126583,0.3649545124895821,0.12658227848101267,0.3325044439636378,0.6329113924050633,0.48201095606733596,0.43670886075949367,0.49597805565734343,1.0,0.0,0.9113924050632911,0.2841765103878943,0.19141119371958168,0.13188144395794765,0.018719156964143138,0.04952565589672053,766.9746835443038,193.01049192204152,129.54111004554542,84.11735810119525,nominal,full_eval_pd_common,158
0.45569620253164556,0.4980333056431899,0.0,0.0,0.7088607594936709,0.454287555567756,0.6708860759493671,0.4698914226144453,1.0,0.0,1.0,0.0,0.1589161592971863,0.07751342578669645,1.950485614652228e-05,0.00017699902462199208,400.65822784810126,145.16240456166776,248.5624138895012,23.631966836797563,nominal,original_eval_common,158
1.0,0.0,0.0,0.0,1.0,0.0,1.0,0.0,1.0,0.0,1.0,0.0,0.10061748068090054,0.06356204113544664,0.0,0.0,666.8037974683544,160.62332928198776,225.89849779890247,29.728451462792133,nominal,reduced_eval_common,158
0.0759493670886076,0.2649170827399538,0.25316455696202533,0.43482440600804223,0.25949367088607594,0.4383568245803239,0.41139240506329117,0.49208606373228264,0.7784810126582279,0.41526897980567723,0.7721518987341772,0.4194440892602757,0.5047906599850452,0.3318616622434241,0.19717642931020601,0.26828373590617516,556.3860759493671,251.6055714875749,28.666104168219757,153.30467729052012,windy,full_eval_adaptive_bias_common,158
0.06329113924050633,0.2434858741983714,0.2721518987341772,0.44506768333542185,0.25316455696202533,0.43482440600804223,0.3987341772151899,0.4896378591732011,0.7848101265822784,0.4109540020442513,0.7721518987341772,0.4194440892602757,0.4985413929481425,0.33259002457543557,0.19092763650007757,0.26802335898456586,555.0506329113924,247.912877649917,25.81027436636818,152.57967932036183,windy,full_eval_adaptive_gain_common,158
0.056962025316455694,0.2317700433367159,0.2848101265822785,0.451323961671065,0.26582278481012656,0.44177033839532015,0.4620253164556962,0.49855583780526525,0.7721518987341772,0.4194440892602757,0.7468354430379747,0.43482440600804223,0.5032492792587492,0.33887228400260094,0.1958729683480241,0.2742237658880329,547.1645569620254,249.52280687114427,21.455535726154,150.94865008568323,windy,full_eval_pd_common,158
0.2721518987341772,0.44506768333542185,0.08860759493670886,0.28417651038789427,0.5189873417721519,0.49963935078457095,0.5126582278481012,0.4998397435856272,0.9810126582278481,0.13648011805599888,0.9620253164556962,0.1911350489941962,0.24211099468130334,0.18782673407763684,0.018552335131417373,0.07201348890361943,391.6645569620253,147.8208636530474,216.1453918303343,80.26229633863981,windy,original_eval_common,158
0.17721518987341772,0.3818507121265406,0.34810126582278483,0.47636831816920794,0.2848101265822785,0.451323961671065,0.45569620253164556,0.4980333056431899,0.7531645569620253,0.43117016025952143,0.6772151898734177,0.4675412029737363,0.4874656401468512,0.3544754501040241,0.215399455802608,0.2531384756344186,558.5126582278481,230.27910245969494,31.016607969784996,148.43842532826764,windy,reduced_eval_common,158
