episode_index,reset_seed,x,y,vx,vy,theta,omega,left_contact,right_contact
0,1511897467,-0.006603336427360773,1.4219412803649902,-0.6688671112060547,0.4898066818714142,0.007658463902771473,0.15150845050811768,0.0,0.0
1,1156069968,0.002566814422607422,1.3982722759246826,0.2599737048149109,-0.5621270537376404,-0.002967498265206814,-0.058888018131256104,0.0,0.0
2,747316575,0.0012340545654296875,1.414584994316101,0.1249830573797226,0.16288834810256958,-0.0014231896493583918,-0.02831055223941803,0.0,0.0
3,329122178,0.005750560667365789,1.4066557884216309,0.5824594497680664,-0.18954093754291534,-0.00665672030299902,-0.13193562626838684,0.0,0.0
4,646131025,-0.007118320558220148,1.4033734798431396,-0.7210150957107544,-0.33542248606681824,0.008255060762166977,0.1633206009864807,0.0,0.0
5,386281797,0.007811641786247492,1.4209952354431152,0.7912193536758423,0.44775792956352234,-0.009044952690601349,-0.17922303080558777,0.0,0.0
6,469159189,-0.004582405090332031,1.4036856889724731,-0.46415987610816956,-0.3215378522872925,0.005316616501659155,0.10513909161090851,0.0,0.0
7,1241291005,0.006428623106330633,1.4090553522109985,0.6511497497558594,-0.08289995789527893,-0.007442541886121035,-0.14749519526958466,0.0,0.0
8,825866776,0.00698509206995368,1.415118932723999,0.7075000405311584,0.1865944266319275,-0.008087191730737686,-0.16025926172733307,0.0,0.0
9,401355324,0.006789016537368298,1.4165462255477905,0.6876426339149475,0.25003260374069214,-0.0078600337728858,-0.15576142072677612,0.0,0.0
10,847717680,0.002613925840705633,1.4110270738601685,0.2647515535354614,0.004755111876875162,-0.003022135002538562,-0.059970129281282425,0.0,0.0
11,1843468895,0.003218364669010043,1.4136717319488525,0.3259706497192383,0.12229838222265244,-0.0037224767729640007,-0.07383723556995392,0.0,0.0
12,2089784483,0.0003470420779194683,1.411501407623291,0.0351434126496315,0.02583177573978901,-0.00039542579906992614,-0.007960518822073936,0.0,0.0
13,2027634781,0.0058799744583666325,1.4202213287353516,0.595550000667572,0.4133729338645935,-0.006806507706642151,-0.13490095734596252,0.0,0.0
14,1649752016,0.003979682922363281,1.4197132587432861,0.4030831456184387,0.3908030688762665,-0.004604678135365248,-0.09130436927080154,0.0,0.0
15,2013698973,-0.002074718475341797,1.4050160646438599,-0.2101571261882782,-0.2624082863330841,0.0024108183570206165,0.04760367423295975,0.0,0.0
16,123927870,-0.0005025863647460938,1.4163691997528076,-0.05092552304267883,0.24218182265758514,0.0005892025656066835,0.011535419151186943,0.0,0.0
17,1821182807,-0.0026815414894372225,1.403761386871338,-0.2716222405433655,-0.3181729316711426,0.0031139887869358063,0.061526380479335785,0.0,0.0
18,771268235,0.006433677859604359,1.407365322113037,0.651657223701477,-0.15800903737545013,-0.007448338903486729,-0.14761009812355042,0.0,0.0
19,829040292,-0.00336875906214118,1.4204084873199463,-0.34123867750167847,0.4216953217983246,0.00391037855297327,0.077295683324337,0.0,0.0
20,500441914,-0.004155921749770641,1.4122251272201538,-0.4209713041782379,0.05799638107419014,0.00482252798974514,0.095356285572052,0.0,0.0
21,1954303186,0.00247535714879632,1.4032436609268188,0.2507064938545227,-0.3411831855773926,-0.0028614946641027927,-0.056788645684719086,0.0,0.0
22,1166692149,0.0032290457747876644,1.4139174222946167,0.32704958319664,0.1332091987133026,-0.0037348573096096516,-0.07408162951469421,0.0,0.0
23,970311284,0.005122470669448376,1.4012153148651123,0.5188323259353638,-0.4313336908817291,-0.0059288362972438335,-0.11752311885356903,0.0,0.0
24,994047248,-0.005347728729248047,1.405532717704773,-0.541691780090332,-0.2394549697637558,0.006203571334481239,0.12270130962133408,0.0,0.0
25,1292724342,0.006760215852409601,1.4220569133758545,0.6847137212753296,0.494953453540802,-0.007826530374586582,-0.1550980508327484,0.0,0.0
26,1550610129,0.0038878440391272306,1.4055649042129517,0.39378300309181213,-0.23800374567508698,-0.004498273134231567,-0.08919764310121536,0.0,0.0
27,33180180,0.003029251005500555,1.422174334526062,0.3068186640739441,0.5001856684684753,-0.0035033896565437317,-0.06949902325868607,0.0,0.0
28,1549741238,0.004634666256606579,1.4019426107406616,0.4694282114505768,-0.3989975154399872,-0.0053636664524674416,-0.10633255541324615,0.0,0.0
29,2119324410,0.006025123409926891,1.3984630107879639,0.6102698445320129,-0.5536612272262573,-0.006974882911890745,-0.13823524117469788,0.0,0.0
30,47573630,-0.002110004425048828,1.4062867164611816,-0.213723823428154,-0.20592910051345825,0.0024516370613127947,0.04841160029172897,0.0,0.0
31,1402766798,0.006641102023422718,1.4156286716461182,0.6726584434509277,0.20925047993659973,-0.007688608486205339,-0.15236695110797882,0.0,0.0
32,1736985230,-0.0006860733265057206,1.418428897857666,-0.06950677931308746,0.33372926712036133,0.0008017548243515193,0.01574436016380787,0.0,0.0
33,996707623,0.006443119142204523,1.40805184841156,0.6526111960411072,-0.1274973601102829,-0.0074592577293515205,-0.1478261649608612,0.0,0.0
34,327017008,-2.0122528439969756e-05,1.4053736925125122,-0.002051769755780697,-0.2465059757232666,3.008787280123215e-05,0.0004647456225939095,0.0,0.0
35,481078878,-0.004586124327033758,1.4154739379882812,-0.46453529596328735,0.20238378643989563,0.005320919211953878,0.1052241101861,0.0,0.0
36,1768913085,0.0026530264876782894,1.410681128501892,0.2687121331691742,-0.010626795701682568,-0.0030674394220113754,-0.06086726114153862,0.0,0.0
37,1404684865,-0.005478954408317804,1.4023783206939697,-0.5549701452255249,-0.37965312600135803,0.0063554937951266766,0.1257091462612152,0.0,0.0
38,132668911,-0.00372314453125,1.4010908603668213,-0.3771318793296814,-0.4368724226951599,0.004321014508605003,0.08542601764202118,0.0,0.0
39,918262559,-0.001867103623226285,1.4064576625823975,-0.18914054334163666,-0.1983252465724945,0.0021703860256820917,0.04284317046403885,0.0,0.0
40,793198720,-0.005969905760139227,1.4035998582839966,-0.6047012805938721,-0.32536569237709045,0.006924421992152929,0.13697393238544464,0.0,0.0
41,855731955,0.006658649537712336,1.3984023332595825,0.6744336485862732,-0.5563587546348572,-0.007708920165896416,-0.15276920795440674,0.0,0.0
42,1196246040,-0.004818820860236883,1.410441517829895,-0.48810553550720215,-0.02128177508711815,0.005590551067143679,0.11056318134069443,0.0,0.0
43,987027273,0.003695964813232422,1.4192482233047485,0.3743392825126648,0.37013259530067444,-0.004275840241461992,-0.08479342609643936,0.0,0.0
44,335812333,0.0007602691766805947,1.4075003862380981,0.07698549330234528,-0.15198394656181335,-0.0008741057827137411,-0.017438355833292007,0.0,0.0
45,61636833,-0.0012736320495605469,1.4133431911468506,-0.1290316879749298,0.10769453644752502,0.0014827473787590861,0.029227593913674355,0.0,0.0
46,1783168689,0.007796955294907093,1.4120724201202393,0.7897294759750366,0.05118674039840698,-0.009027916938066483,-0.1788855493068695,0.0,0.0
47,330139630,0.006273937411606312,1.410992980003357,0.6354721784591675,0.003222782863304019,-0.007263191044330597,-0.1439439356327057,0.0,0.0
48,655584412,0.0015113831032067537,1.4167795181274414,0.15307852625846863,0.26041799783706665,-0.001744604087434709,-0.03467461094260216,0.0,0.0
49,840914785,0.0007282256847247481,1.4220294952392578,0.07374848425388336,0.49375006556510925,-0.0008370747091248631,-0.016705207526683807,0.0,0.0
50,1692559281,0.004701518919318914,1.413804531097412,0.4761922359466553,0.12818342447280884,-0.0054410528391599655,-0.10786465555429459,0.0,0.0
51,1056046841,-0.0010187148582190275,1.4033699035644531,-0.10320248454809189,-0.3355633318424225,0.001187239889986813,0.0233769454061985,0.0,0.0
52,1580024342,-0.00585517892614007,1.4183849096298218,-0.5930795669555664,0.3317498564720154,0.006791445426642895,0.1343415379524231,0.0,0.0
53,1139378284,-0.003963947296142578,1.4007163047790527,-0.40152162313461304,-0.4535069167613983,0.0046000429429113865,0.0909506306052208,0.0,0.0
54,1933401080,-0.00024299621873069555,1.4174504280090332,-0.024630777537822723,0.2902318835258484,0.0002883935521822423,0.005579268094152212,0.0,0.0
55,756121258,-0.006376361940056086,1.4135571718215942,-0.6458841562271118,0.11718317866325378,0.0073955184780061245,0.14630244672298431,0.0,0.0
56,777896714,-0.0055253030732274055,1.4171886444091797,-0.5596703290939331,0.27859121561050415,0.00640926044434309,0.12677384912967682,0.0,0.0
57,1259840859,-0.0074447630904614925,1.3995070457458496,-0.7540910840034485,-0.5072807669639587,0.008633412420749664,0.17081281542778015,0.0,0.0
58,1967394020,-0.003403091337531805,1.4114354848861694,-0.34471991658210754,0.0229001697152853,0.003950211219489574,0.07808418571949005,0.0,0.0
59,1449267987,0.004832935519516468,1.4066481590270996,0.4895082116127014,-0.1898723989725113,-0.005593374837189913,-0.11088087409734726,0.0,0.0
60,865829840,-0.004795360378921032,1.4205663204193115,-0.4857345521450043,0.4287053048610687,0.005563430953770876,0.1100260391831398,0.0,0.0
61,1212887003,0.006068420596420765,1.42057204246521,0.6146566271781921,0.428956001996994,-0.007025060243904591,-0.1392289251089096,0.0,0.0
62,1478030336,0.006192588713020086,1.4173909425735474,0.6272273659706116,0.2875852584838867,-0.007168903481215239,-0.14207659661769867,0.0,0.0
63,1692503548,0.005016899202018976,1.4116445779800415,0.508145272731781,0.03219584748148918,-0.005806577857583761,-0.11510245501995087,0.0,0.0
64,430828717,0.002505779266357422,1.4175151586532593,0.2537945508956909,0.293113648891449,-0.0028968043625354767,-0.05748821049928665,0.0,0.0
65,57315423,0.0019614219199866056,1.4199048280715942,0.19866207242012024,0.39931392669677734,-0.0022660703398287296,-0.04499996080994606,0.0,0.0
66,1085470789,-0.005040454678237438,1.4197125434875488,-0.5105684399604797,0.39076265692710876,0.005847510416060686,0.11565136909484863,0.0,0.0
67,1303337958,-0.0031193732284009457,1.4111859798431396,-0.31598442792892456,0.0118165398016572,0.00362147344276309,0.07157520949840546,0.0,0.0
68,1124770563,-0.0077073099091649055,1.4162750244140625,-0.7806742191314697,0.2379632443189621,0.0089375339448452,0.17683446407318115,0.0,0.0
69,1223071738,-0.002739048097282648,1.4073803424835205,-0.2774643898010254,-0.15731708705425262,0.003180799772962928,0.06284976750612259,0.0,0.0
70,1942128127,0.004555797670036554,1.398535966873169,0.46144169569015503,-0.5504114031791687,-0.005272276233881712,-0.10452324151992798,0.0,0.0
71,996607899,-0.0005383491516113281,1.4220290184020996,-0.054542191326618195,0.4937211275100708,0.0006305754650384188,0.012354669161140919,0.0,0.0
72,1737866112,0.003701877547428012,1.4058420658111572,0.37495091557502747,-0.22569908201694489,-0.004282812587916851,-0.0849318653345108,0.0,0.0
73,757340419,-0.0017573356162756681,1.4039921760559082,-0.17801547050476074,-0.30790627002716064,0.0020431140437722206,0.04032308980822563,0.0,0.0
74,753481078,7.314681715797633e-05,1.4097825288772583,0.007394587155431509,-0.050552625209093094,-7.797391299391165e-05,-0.0016749920323491096,0.0,0.0
75,267036560,0.004356765653938055,1.407854437828064,0.44127926230430603,-0.1362551897764206,-0.00504161836579442,-0.09995629638433456,0.0,0.0
76,545894397,0.0038591385819017887,1.4197561740875244,0.39087608456611633,0.39271825551986694,-0.004465008620172739,-0.08853930234909058,0.0,0.0
77,1135396990,-0.005801200866699219,1.415639042854309,-0.5876120328903198,0.2097192257642746,0.0067289164289832115,0.1331029087305069,0.0,0.0
78,298179044,0.00017871856107376516,1.4133559465408325,0.018087202683091164,0.10826244950294495,-0.00020029109145980328,-0.00409702118486166,0.0,0.0
79,125123540,0.002760982606559992,1.421201467514038,0.2796355187892914,0.4569438099861145,-0.0031924284994602203,-0.06334152817726135,0.0,0.0
80,591410935,-0.0029812813736498356,1.3992047309875488,-0.30199143290519714,-0.5206929445266724,0.003461407031863928,0.06840556114912033,0.0,0.0
81,1481583176,0.004800605587661266,1.411911964416504,0.48622947931289673,0.04407082870602608,-0.0055558648891747,-0.11013822257518768,0.0,0.0
82,1667192397,-0.005645466037094593,1.4048579931259155,-0.5718492269515991,-0.2694408595561981,0.006548566743731499,0.12953248620033264,0.0,0.0
83,609237933,0.006710147950798273,1.4097918272018433,0.6796497106552124,-0.05016403645277023,-0.007768597453832626,-0.15395088493824005,0.0,0.0
84,1201714534,-0.004096031188964844,1.3983979225158691,-0.41489753127098083,-0.5565444827079773,0.004753049463033676,0.09398055076599121,0.0,0.0
85,1063402990,0.006363868713378906,1.4126222133636475,0.6445678472518921,0.0756281241774559,-0.007367281708866358,-0.14600417017936707,0.0,0.0
86,282464540,-0.00028743743314407766,1.399671196937561,-0.029136518016457558,-0.499946653842926,0.0003399220877327025,0.006599882151931524,0.0,0.0
87,235932419,0.006418132688850164,1.4063937664031982,0.6500697731971741,-0.20118539035320282,-0.007430200465023518,-0.14725060760974884,0.0,0.0
88,599786137,-0.006127452943474054,1.4110262393951416,-0.6206560730934143,0.004698348231613636,0.00710693933069706,0.14058782160282135,0.0,0.0
89,767575573,0.006448554806411266,1.4157648086547852,0.6531586050987244,0.2152930349111557,-0.007465526927262545,-0.1479501575231552,0.0,0.0
90,279323583,0.0003639221249613911,1.3983962535858154,0.03684736415743828,-0.5566145777702332,-0.0004148984735365957,-0.008346501737833023,0.0,0.0
91,1715869078,-0.0054336548782885075,1.4105181694030762,-0.5503959655761719,-0.017873505130410194,0.00630315113812685,0.12467298656702042,0.0,0.0
92,1335238929,-0.007874583825469017,1.4016495943069458,-0.7976261377334595,-0.4120439887046814,0.009131476283073425,0.18067426979541779,0.0,0.0
93,1852856207,0.0049721719697117805,1.413794755935669,0.5036092400550842,0.12775467336177826,-0.005754678510129452,-0.11407484859228134,0.0,0.0
94,1995117280,0.004864311311393976,1.4065055847167969,0.49268728494644165,-0.19620364904403687,-0.0056297434493899345,-0.1116010770201683,0.0,0.0
95,1132105043,0.007270431611686945,1.4141720533370972,0.7364097237586975,0.14451156556606293,-0.008417918346822262,-0.16680800914764404,0.0,0.0
96,1226917952,-0.0012369155883789062,1.3996974229812622,-0.1253054291009903,-0.4987927973270416,0.0014401096850633621,0.028383608907461166,0.0,0.0
97,1188830806,-0.004408454988151789,1.4103518724441528,-0.44653597474098206,-0.025272242724895477,0.005114997737109661,0.10114699602127075,0.0,0.0
98,560171774,0.0004467964172363281,1.4198377132415771,0.04523160681128502,0.3963361978530884,-0.000510835146997124,-0.010245615616440773,0.0,0.0
99,1425889133,-0.0007171630859375,1.4156020879745483,-0.07265978306531906,0.20808692276477814,0.0008378314087167382,0.016458546742796898,0.0,0.0
100,2122019934,0.003943061921745539,1.399886131286621,0.399372398853302,-0.4904128611087799,-0.0045622242614626884,-0.09046383202075958,0.0,0.0
101,2067582123,-0.0013019561301916838,1.4175583124160767,-0.1318908929824829,0.2950316369533539,0.0015154602006077766,0.029875274747610092,0.0,0.0
102,1591649070,-0.00614242535084486,1.4109894037246704,-0.6221731901168823,0.0030662233475595713,0.00712428567931056,0.14093145728111267,0.0,0.0
103,604745017,-0.003134059952571988,1.4147100448608398,-0.317472904920578,0.1684454381465912,0.0036384924314916134,0.07191239297389984,0.0,0.0
104,532366249,-0.0014433860778808594,1.4135321378707886,-0.14621615409851074,0.11608720570802689,0.0016793209360912442,0.033120132982730865,0.0,0.0
105,320993646,-0.0005271911504678428,1.417622447013855,-0.05341734364628792,0.2978752553462982,0.0006177006289362907,0.012099831365048885,0.0,0.0
106,108442288,-0.004690933041274548,1.4159867763519287,-0.475161612033844,0.22517774999141693,0.005442474968731403,0.10763140767812729,0.0,0.0
107,1663943033,-0.0020838738419115543,1.4198918342590332,-0.211083322763443,0.39873847365379333,0.0024214203003793955,0.0478135421872139,0.0,0.0
108,1318116718,-0.004678821656852961,1.4200997352600098,-0.47393909096717834,0.40798458456993103,0.005428479518741369,0.10735438019037247,0.0,0.0
109,821091633,0.0032602311111986637,1.4062395095825195,0.3302110731601715,-0.2080260068178177,-0.0037710249889642,-0.0747976005077362,0.0,0.0
110,1164182530,-0.0023326873779296875,1.4114758968353271,-0.23629292845726013,0.024707017466425896,0.0027098029386252165,0.053523920476436615,0.0,0.0
111,628265277,0.0013087273109704256,1.4116780757904053,0.1325281411409378,0.03368337079882622,-0.0015095326816663146,-0.030019611120224,0.0,0.0
112,691927298,0.005206203553825617,1.4065576791763306,0.527301013469696,-0.1938931792974472,-0.0060257441364228725,-0.11944155395030975,0.0,0.0
113,2053975493,0.006880378816276789,1.4134583473205566,0.6968835592269897,0.11279713362455368,-0.00796576403081417,-0.15785463154315948,0.0,0.0
114,1576210418,-0.004930687136948109,1.3997539281845093,-0.4994380474090576,-0.49628159403800964,0.005720213521271944,0.11313018947839737,0.0,0.0
115,1189256947,-0.003330803010612726,1.4160995483398438,-0.33740073442459106,0.23019126057624817,0.0038664720486849546,0.07642632722854614,0.0,0.0
116,1892270804,0.003173828125,1.4053943157196045,0.32146912813186646,-0.2455883026123047,-0.0036709848791360855,-0.07281754910945892,0.0,0.0
117,1513690440,0.0026768683455884457,1.4063249826431274,0.27112627029418945,-0.20423369109630585,-0.0030950638465583324,-0.061414025723934174,0.0,0.0
118,1824683614,0.004012680146843195,1.4160603284835815,0.40641817450523376,0.22844500839710236,-0.004642830695956945,-0.09205983579158783,0.0,0.0
119,2047160467,-0.0026230812072753906,1.4019947052001953,-0.2657087445259094,-0.39668142795562744,0.003046320518478751,0.06018694490194321,0.0,0.0
120,1858857521,-0.0005507469177246094,1.420670986175537,-0.05580226704478264,0.43336865305900574,0.0006450037471950054,0.012640045955777168,0.0,0.0
121,1998266415,-0.0027400017715990543,1.3987500667572021,-0.2775564193725586,-0.5408855080604553,0.003181848209351301,0.06287071853876114,0.0,0.0
122,855061123,0.006395530886948109,1.404165267944336,0.6477735042572021,-0.30022934079170227,-0.007403948809951544,-0.14673040807247162,0.0,0.0
123,666881269,0.0011093139182776213,1.4211360216140747,0.11235424131155014,0.4540410339832306,-0.001278713345527649,-0.02544996701180935,0.0,0.0
124,1841569995,0.0013974190223962069,1.4149426221847534,0.14152605831623077,0.17877888679504395,-0.0016124425455927849,-0.03205779567360878,0.0,0.0
125,790141216,0.0050064087845385075,1.4157227277755737,0.5070792436599731,0.21343959867954254,-0.0057943956926465034,-0.11486119031906128,0.0,0.0
126,1554612623,-7.762909081066027e-05,1.4095830917358398,-0.007880670949816704,-0.05942646786570549,9.674862667452544e-05,0.0017850843723863363,0.0,0.0
127,722591304,-0.0016504287486895919,1.4038434028625488,-0.16719037294387817,-0.3145144283771515,0.0019192772451788187,0.037871114909648895,0.0,0.0
128,522677125,0.0016022681957110763,1.4217140674591064,0.16226547956466675,0.4797378480434418,-0.001849717227742076,-0.036755505949258804,0.0,0.0
129,1278831500,0.006446266081184149,1.4004484415054321,0.6529377698898315,-0.46543172001838684,-0.0074629816226661205,-0.14790010452270508,0.0,0.0
130,1144861349,0.0030569075606763363,1.3985531330108643,0.3096165955066681,-0.5496445298194885,-0.0035354187712073326,-0.07013281434774399,0.0,0.0
131,1491593176,0.0006109237438067794,1.4126256704330444,0.061860788613557816,0.07579515129327774,-0.0007010788540355861,-0.01401239912956953,0.0,0.0
132,557018988,-0.004942512605339289,1.408088207244873,-0.500634491443634,-0.125867560505867,0.005733887664973736,0.11340118944644928,0.0,0.0
133,640140407,0.0015721321105957031,1.4176628589630127,0.15922370553016663,0.29968035221099854,-0.0018149196403101087,-0.03606656938791275,0.0,0.0
134,1968042066,0.005485630128532648,1.398587703704834,0.555609405040741,-0.5481215119361877,-0.006349575240164995,-0.1258537769317627,0.0,0.0
135,165207007,0.0037572861183434725,1.4199411869049072,0.38055893778800964,0.4009334444999695,-0.004346977919340134,-0.0862022414803505,0.0,0.0
136,690747577,0.004772663116455078,1.411926507949829,0.48339757323265076,0.044727884232997894,-0.005523476749658585,-0.10949680954217911,0.0,0.0
137,209569456,-0.0032029151916503906,1.4068142175674438,-0.3244277834892273,-0.18248389661312103,0.0037180755753070116,0.07348758727312088,0.0,0.0
138,1589154634,-0.0028273581992834806,1.403111219406128,-0.2863948941230774,-0.34706050157546997,0.0032829800620675087,0.06487257033586502,0.0,0.0
139,155525746,-0.004730415530502796,1.4030003547668457,-0.47916245460510254,-0.3519996106624603,0.005488228984177113,0.10853753983974457,0.0,0.0
140,640181559,0.004277038387954235,1.4217482805252075,0.4332079291343689,0.48124974966049194,-0.0049492851831018925,-0.09812808781862259,0.0,0.0
141,643961845,-0.007766819093376398,1.4116086959838867,-0.7867164015769958,0.030573546886444092,0.009006645530462265,0.17820300161838531,0.0,0.0
142,292682900,0.001049041748046875,1.4050360918045044,0.10623065382242203,-0.26150980591773987,-0.0012086796341463923,-0.02406282350420952,0.0,0.0
143,1182809439,0.005231666378676891,1.4122287034988403,0.5298884510993958,0.05815077945590019,-0.006055325269699097,-0.12002775818109512,0.0,0.0
144,228694801,0.004055500030517578,1.406268835067749,0.4107553958892822,-0.206722691655159,-0.004692442715167999,-0.09304212033748627,0.0,0.0
145,1978272775,-0.004543018527328968,1.4003183841705322,-0.4601804316043854,-0.47119998931884766,0.005271071568131447,0.10423769801855087,0.0,0.0
146,397925997,0.0011777877807617188,1.4170429706573486,0.1192881315946579,0.2721307575702667,-0.0013580293161794543,-0.027020584791898727,0.0,0.0
147,1411496010,0.0044803619384765625,1.4002130031585693,0.45379695296287537,-0.47588014602661133,-0.0051848371513187885,-0.10279184579849243,0.0,0.0
148,2040253396,-0.0025053024291992188,1.4171693325042725,-0.2537732720375061,0.2777462601661682,0.0029097972437739372,0.0574834942817688,0.0,0.0
149,1288742939,-0.004679203033447266,1.4010705947875977,-0.47397923469543457,-0.4377598464488983,0.005428939592093229,0.10736341774463654,0.0,0.0
150,655244913,0.005986404605209827,1.3999197483062744,0.6063319444656372,-0.4889156222343445,-0.006929866503924131,-0.13734325766563416,0.0,0.0
151,882362124,-0.0018557548755779862,1.4073193073272705,-0.187986359000206,-0.16003543138504028,0.002157176611945033,0.042581718415021896,0.0,0.0
152,58072078,-0.004297351930290461,1.4169211387634277,-0.43529707193374634,0.26671212911605835,0.004986428190022707,0.09860126674175262,0.0,0.0
153,1413155358,-0.004743480589240789,1.4082179069519043,-0.48049139976501465,-0.12009945511817932,0.005503431428223848,0.1088385358452797,0.0,0.0
154,1597085888,-0.0022335052490234375,1.4174929857254028,-0.22624513506889343,0.29212361574172974,0.002594864461570978,0.05124789476394653,0.0,0.0
155,1660791654,0.0039037703536450863,1.4113963842391968,0.39539721608161926,0.021160803735256195,-0.004516747314482927,-0.08956338465213776,0.0,0.0
156,547013947,0.006453895475715399,1.4027165174484253,0.6537055969238281,-0.3646295666694641,-0.007471770513802767,-0.14807403087615967,0.0,0.0
157,601119905,0.001848411513492465,1.409398078918457,0.18720576167106628,-0.06764267385005951,-0.002135042566806078,-0.04240488260984421,0.0,0.0
158,183930468,0.005191612057387829,1.4149166345596313,0.5258272886276245,0.17760317027568817,-0.006008888129144907,-0.11910778284072876,0.0,0.0
159,76580041,-0.006388568785041571,1.4116532802581787,-0.6471189856529236,0.032573308795690536,0.007409663405269384,0.14658215641975403,0.0,0.0
160,1210587287,-0.0002535819949116558,1.399570345878601,-0.02569759264588356,-0.5044353604316711,0.00030059594428166747,0.005820919759571552,0.0,0.0
161,1017570162,0.006181907840073109,1.4182403087615967,0.6261424422264099,0.3253292739391327,-0.007156470790505409,-0.14183060824871063,0.0,0.0
162,34616325,-0.004022121429443359,1.4144599437713623,-0.40740877389907837,0.15732111036777496,0.004667393863201141,0.09228414297103882,0.0,0.0
163,680458915,0.003027629805728793,1.416794776916504,0.30665072798728943,0.26109012961387634,-0.003501484403386712,-0.06946099549531937,0.0,0.0
164,1436385054,0.002103138016536832,1.4206353425979614,0.2130102664232254,0.43178749084472656,-0.002430229214951396,-0.04824990779161453,0.0,0.0
165,1854016456,-0.002201557159423828,1.410183072090149,-0.22302000224590302,-0.03276509419083595,0.0025579421781003475,0.05051737278699875,0.0,0.0
166,1424607714,0.007640075869858265,1.4167745113372803,0.7738530039787292,0.260171115398407,-0.008846266195178032,-0.17528924345970154,0.0,0.0
167,1035259758,0.00036115647526457906,1.4101083278656006,0.036575622856616974,-0.036071911454200745,-0.00041179306572303176,-0.008284932002425194,0.0,0.0
168,1159502999,0.002784347627311945,1.4193750619888306,0.281999796628952,0.37578025460243225,-0.0032194836530834436,-0.0638771802186966,0.0,0.0
169,895761983,-0.0017871856689453125,1.4194915294647217,-0.1810438185930252,0.3809465169906616,0.002077755518257618,0.04100910574197769,0.0,0.0
170,800114759,0.004022789187729359,1.410438060760498,0.4074341356754303,-0.021429453045129776,-0.0046544503420591354,-0.09228985011577606,0.0,0.0
171,331813085,-0.006083107087761164,1.4165921211242676,-0.6161772012710571,0.25206929445266724,0.007055678870528936,0.13957342505455017,0.0,0.0
172,1765720776,-0.007262325379997492,1.4163286685943604,-0.7356175780296326,0.24036279320716858,0.008422080427408218,0.16662828624248505,0.0,0.0
173,1119702354,-0.00019130707369185984,1.4138990640640259,-0.0193875040858984,0.13240094482898712,0.00022841179452370852,0.00439156498759985,0.0,0.0
174,2085610471,-0.007099247071892023,1.4159554243087769,-0.7190931439399719,0.22377434372901917,0.008233063854277134,0.1628853976726532,0.0,0.0
175,1933203818,-0.0003945350763387978,1.4064443111419678,-0.03997211903333664,-0.19892452657222748,0.00046390044735744596,0.009054267778992653,0.0,0.0
176,326661076,0.002090835478156805,1.4123668670654297,0.21176163852214813,0.06429554522037506,-0.0024159604217857122,-0.047967180609703064,0.0,0.0
177,333569769,-0.0069747925736010075,1.4141066074371338,-0.7064930200576782,0.14160262048244476,0.008088885806500912,0.16003122925758362,0.0,0.0
178,1104070446,-0.00032634736271575093,1.4070756435394287,-0.03307589143514633,-0.17086711525917053,0.0003849922213703394,0.007492197211831808,0.0,0.0
179,1731446520,-0.0037790299393236637,1.4030535221099854,-0.382781445980072,-0.3496333360671997,0.004385659471154213,0.08670560270547867,0.0,0.0
180,30398144,-0.007216834928840399,1.4222571849822998,-0.7310124039649963,0.5038453340530396,0.00836938340216875,0.16558519005775452,0.0,0.0
181,601571461,0.004170417785644531,1.399163842201233,0.42240992188453674,-0.522504985332489,-0.004825760144740343,-0.09568224847316742,0.0,0.0
182,1761571900,-0.005612277891486883,1.4101712703704834,-0.5684869885444641,-0.033291421830654144,0.006510100327432156,0.12877073884010315,0.0,0.0
183,2037228746,-0.0021344185806810856,1.4170808792114258,-0.21620085835456848,0.27381524443626404,0.0024799651000648737,0.04897276684641838,0.0,0.0
184,1125891444,0.0022978782653808594,1.4162415266036987,0.23273566365242004,0.23650547862052917,-0.002655882155522704,-0.05271809175610542,0.0,0.0
185,529454605,0.007445907685905695,1.4158546924591064,0.7541672587394714,0.21929532289505005,-0.008621105924248695,-0.17083019018173218,0.0,0.0
186,881468436,0.005593013949692249,1.4140783548355103,0.5664807558059692,0.1403551995754242,-0.006473959423601627,-0.12831637263298035,0.0,0.0
187,519090013,-0.00396804790943861,1.406916856765747,-0.4019377827644348,-0.1779220700263977,0.004604775924235582,0.09104485809803009,0.0,0.0
188,1945122004,0.007323741912841797,1.4091358184814453,0.7418100833892822,-0.07933199405670166,-0.008479702286422253,-0.16803106665611267,0.0,0.0
189,696915611,-0.005028820130974054,1.411788821220398,-0.5093837976455688,0.03860142081975937,0.00583396852016449,0.11538289487361908,0.0,0.0
190,1488107244,-0.0042053223587572575,1.4066375494003296,-0.42596378922462463,-0.19034889340400696,0.004879652988165617,0.09648706763982773,0.0,0.0
191,1286599432,-0.0015997886657714844,1.4165905714035034,-0.16207163035869598,0.25201958417892456,0.001860683667473495,0.03671162202954292,0.0,0.0
192,395508860,0.001605987548828125,1.4063767194747925,0.16264863312244415,-0.20192591845989227,-0.0018540980527177453,-0.03684229031205177,0.0,0.0
193,1782068829,0.006463813595473766,1.417673945426941,0.6547068357467651,0.30015048384666443,-0.007483247667551041,-0.148300901055336,0.0,0.0
194,1405674971,0.004687309265136719,1.416719913482666,0.47474926710128784,0.2577609717845917,-0.0054245516657829285,-0.10753791034221649,0.0,0.0
195,1733842020,0.0023757934104651213,1.399445652961731,0.24063387513160706,-0.5099771618843079,-0.002746226266026497,-0.05450711399316788,0.0,0.0
196,443800521,-0.00033464431180618703,1.4066404104232788,-0.03390973433852196,-0.19021521508693695,0.00039455361547879875,0.007681041024625301,0.0,0.0
197,405230516,-0.006009960081428289,1.411073923110962,-0.6087609529495239,0.006819156464189291,0.006970842368900776,0.1378936469554901,0.0,0.0
198,57367581,-0.005422115325927734,1.4037586450576782,-0.5492249131202698,-0.3183002173900604,0.006289730779826641,0.12440754473209381,0.0,0.0
199,2005015799,0.0006430625799112022,1.4062763452529907,0.06511248648166656,-0.20639601349830627,-0.0007382796029560268,-0.014748945832252502,0.0,0.0
200,1177321486,-0.004461192991584539,1.4159058332443237,-0.45189619064331055,0.2215777486562729,0.0051763043738901615,0.102361299097538,0.0,0.0
201,378063510,-0.006911182310432196,1.419177532196045,-0.700042188167572,0.3669765591621399,0.008015082217752934,0.1585698276758194,0.0,0.0
202,363459266,-0.0021354674827307463,1.4103915691375732,-0.21631941199302673,-0.023487413302063942,0.002481316914781928,0.04899957403540611,0.0,0.0
203,1915122341,-0.00036869049654342234,1.4036743640899658,-0.03735283762216568,-0.32203611731529236,0.000433945533586666,0.00846097245812416,0.0,0.0
204,525847875,0.0010629653697833419,1.4150853157043457,0.10764531791210175,0.18512405455112457,-0.0012248596176505089,-0.024383263662457466,0.0,0.0
205,1595926393,0.005584812257438898,1.4076275825500488,0.5656489133834839,-0.14635378122329712,-0.006464451551437378,-0.12812796235084534,0.0,0.0
206,1118392748,-0.0009072303655557334,1.4130486249923706,-0.09191010892391205,0.09459884464740753,0.0010580598609521985,0.020819012075662613,0.0,0.0
207,1471502701,-0.0003459930303506553,1.3982819318771362,-0.03505798429250717,-0.5616987347602844,0.00040768354665488005,0.00794118270277977,0.0,0.0
208,1862173400,0.0003855705144815147,1.4045891761779785,0.03904242441058159,-0.2813750207424164,-0.0004400221223477274,-0.008843678049743176,0.0,0.0
209,1731489190,0.0011131286155432463,1.409411907196045,0.11273013055324554,-0.06703481823205948,-0.0012830191990360618,-0.025535065680742264,0.0,0.0
210,1210527958,0.0009459495777264237,1.4182056188583374,0.09580373764038086,0.323807030916214,-0.0010893776779994369,-0.0217010248452425,0.0,0.0
211,1081300311,0.007834243588149548,1.4214919805526733,0.7935094237327576,0.46983909606933594,-0.00907114427536726,-0.17974165081977844,0.0,0.0
212,718095887,-0.007376766297966242,1.4144376516342163,-0.7471998929977417,0.15630494058132172,0.008554603904485703,0.16925190389156342,0.0,0.0
213,861582776,0.0044075013138353825,1.411285638809204,0.44641438126564026,0.01623471826314926,-0.005100389942526817,-0.10111936181783676,0.0,0.0
214,1868788392,0.0007995605701580644,1.3997993469238281,0.08097465336322784,-0.4942554831504822,-0.0009197337785735726,-0.018341977149248123,0.0,0.0
215,1767213773,-0.005959224887192249,1.418703556060791,-0.6036216616630554,0.3459094166755676,0.006912063341587782,0.13672932982444763,0.0,0.0
216,555081244,-0.0038475990295410156,1.411196231842041,-0.38973814249038696,0.012265598401427269,0.004465215373784304,0.08828143775463104,0.0,0.0
217,1644187044,0.0010040283668786287,1.4115076065063477,0.1016840711236,0.02610340714454651,-0.0011566521134227514,-0.02303295210003853,0.0,0.0
218,1329619353,-0.007445049472153187,1.4211379289627075,-0.7541223764419556,0.4540954828262329,0.008633782155811787,0.17082004249095917,0.0,0.0
219,498403083,0.003965568728744984,1.3982954025268555,0.40163618326187134,-0.561104416847229,-0.004588147159665823,-0.09097664803266525,0.0,0.0
220,503935537,0.003720569657161832,1.4093186855316162,0.37683922052383423,-0.07118313014507294,-0.004304434172809124,-0.0853596031665802,0.0,0.0
221,1671847364,0.007369518280029297,1.4035286903381348,0.746433675289154,-0.3285253345966339,-0.008532592095434666,-0.16907832026481628,0.0,0.0
222,166999091,-0.004318428225815296,1.4058181047439575,-0.43742576241493225,-0.22676581144332886,0.005010765977203846,0.09908337891101837,0.0,0.0
223,355439929,-0.006465149112045765,1.4186606407165527,-0.6548737287521362,0.3440007269382477,0.0074983807280659676,0.1483386904001236,0.0,0.0
224,1825701294,-0.0036327361594885588,1.4144518375396729,-0.3679760992527008,0.1569558084011078,0.004216265399008989,0.08335207402706146,0.0,0.0
225,1070062479,0.003486728761345148,1.4093064069747925,0.3531518876552582,-0.07172246277332306,-0.004033437464386225,-0.0799940824508667,0.0,0.0
226,1921061091,0.0074443817138671875,1.4017906188964844,0.7540087699890137,-0.40577638149261475,-0.00861929077655077,-0.170794278383255,0.0,0.0
227,665337882,0.004990768618881702,1.4001952409744263,0.5054969191551208,-0.4766715168952942,-0.005776287522166967,-0.11450259387493134,0.0,0.0
228,425038141,0.00016622543625999242,1.3991870880126953,0.01681327074766159,-0.5214621424674988,-0.00018574611749500036,-0.0038085118867456913,0.0,0.0
229,1206333416,-0.004564380738884211,1.4023332595825195,-0.46233829855918884,-0.38164952397346497,0.0052957856096327305,0.10472653061151505,0.0,0.0
230,1493229266,-0.0005093574291095138,1.3986011743545532,-0.05160437151789665,-0.5475035309791565,0.0005969631019979715,0.011689147911965847,0.0,0.0
231,259402439,0.007240009494125843,1.4111818075180054,0.7333234548568726,0.011612719856202602,-0.008382609114050865,-0.16610857844352722,0.0,0.0
232,1260069654,0.003917503170669079,1.4067212343215942,0.3967803418636322,-0.18662843108177185,-0.004532570019364357,-0.08987654000520706,0.0,0.0
233,1118662154,-0.006384658627212048,1.4112962484359741,-0.6467270851135254,0.01670514978468418,0.007405156269669533,0.14649319648742676,0.0,0.0
234,947303217,-0.001268672989681363,1.4101977348327637,-0.12852095067501068,-0.03210218995809555,0.0014768934343010187,0.029111962765455246,0.0,0.0
235,958743842,-0.0004162788391113281,1.4156098365783691,-0.0421786792576313,0.2084365040063858,0.0004891452263109386,0.009554088115692139,0.0,0.0
236,1043039138,-0.005489635281264782,1.4042282104492188,-0.5560461282730103,-0.2974288761615753,0.006367809139192104,0.1259527951478958,0.0,0.0
237,899532012,-0.0067307474091649055,1.417097806930542,-0.6817653775215149,0.27453792095184326,0.007806035690009594,0.15443012118339539,0.0,0.0
238,526938441,-0.0025196075439453125,1.4035135507583618,-0.255226731300354,-0.3291744589805603,0.0029264120385050774,0.057812560349702835,0.0,0.0
239,987523132,-0.004214954562485218,1.4070308208465576,-0.4269508421421051,-0.172868549823761,0.004890938755124807,0.09671066701412201,0.0,0.0
240,2135997726,0.006898307707160711,1.4131828546524048,0.6987132430076599,0.10054091364145279,-0.007986665703356266,-0.15826889872550964,0.0,0.0
241,78310008,-0.004433917813003063,1.4069288969039917,-0.44912880659103394,-0.17740540206432343,0.005144662223756313,0.10173444449901581,0.0,0.0
242,1854171446,0.007808685302734375,1.421114444732666,0.7909075021743774,0.453052818775177,-0.009041396901011467,-0.1791524887084961,0.0,0.0
243,1861226083,0.0023915290366858244,1.4132437705993652,0.24222390353679657,0.1032717302441597,-0.002764429897069931,-0.05486740544438362,0.0,0.0
244,891323740,0.007241725921630859,1.420659065246582,0.7335060238838196,0.43282651901245117,-0.008384697139263153,-0.16615024209022522,0.0,0.0
245,706394901,-0.001592445420101285,1.42057204246521,-0.1613205373287201,0.42897021770477295,0.0018521149177104235,0.036541540175676346,0.0,0.0
246,1139894538,-0.006846236996352673,1.4094982147216797,-0.6934521794319153,-0.06322096288204193,0.007939718663692474,0.15707719326019287,0.0,0.0
247,1835732848,-0.00219383230432868,1.3993117809295654,-0.22223296761512756,-0.5159366726875305,0.0025489646941423416,0.05033909156918526,0.0,0.0
248,1888787672,-0.0054223062470555305,1.4109182357788086,-0.5492441654205322,-9.314227645518258e-05,0.006289945915341377,0.12441200017929077,0.0,0.0
249,2018239246,0.0051787374541163445,1.4184389114379883,0.5245317220687866,0.3341573476791382,-0.005994062405079603,-0.11881440877914429,0.0,0.0
250,2073379549,-0.002311611082404852,1.4184167385101318,-0.2341429889202118,0.3331913352012634,0.0026852265000343323,0.053036879748106,0.0,0.0
251,567737517,0.006848239805549383,1.4027459621429443,0.6936391592025757,-0.36331847310066223,-0.007928618229925632,-0.15711943805217743,0.0,0.0
252,622946395,-0.004241561982780695,1.398438572883606,-0.4296400547027588,-0.5547475218772888,0.00492169288918376,0.09732000529766083,0.0,0.0
253,10045030,-0.007339191623032093,1.4083200693130493,-0.7433928847312927,-0.11559440940618515,0.008511045016348362,0.16838958859443665,0.0,0.0
254,2059325906,0.005580329801887274,1.40623939037323,0.5651965737342834,-0.20804467797279358,-0.006459282711148262,-0.12802542746067047,0.0,0.0
255,54597384,-0.000865936279296875,1.4215657711029053,-0.0877285823225975,0.47314122319221497,0.0010102184023708105,0.01987181417644024,0.0,0.0
256,123792145,0.003343772841617465,1.4068083763122559,0.33866530656814575,-0.18275777995586395,-0.0038677367847412825,-0.07671265304088593,0.0,0.0
257,1843121429,0.006920146755874157,1.402858853340149,0.7009239196777344,-0.3583112061023712,-0.008011957630515099,-0.15876951813697815,0.0,0.0
258,186855761,0.0016375541454181075,1.4123215675354004,0.1658444106578827,0.062286023050546646,-0.001890663057565689,-0.03756622597575188,0.0,0.0
259,416940264,-0.0005065918085165322,1.4210721254348755,-0.05133004114031792,0.45120495557785034,0.00059383490588516,0.011627061292529106,0.0,0.0
260,1682078888,-0.0014879226218909025,1.3991683721542358,-0.1507292538881302,-0.5223041772842407,0.0017309518298134208,0.034142427146434784,0.0,0.0
261,224953861,-0.003666782286018133,1.3994638919830322,-0.3714180886745453,-0.5091701149940491,0.0042556473053991795,0.08413173258304596,0.0,0.0
262,1426919372,-0.0044841766357421875,1.4181625843048096,-0.4542295038700104,0.3218790292739868,0.0052029830403625965,0.10288979113101959,0.0,0.0
263,1341884941,-0.002219772431999445,1.4042024612426758,-0.22485315799713135,-0.2985663115978241,0.002578943269327283,0.05093253776431084,0.0,0.0
264,441544513,-0.005240821745246649,1.3994770050048828,-0.5308606624603271,-0.5086039900779724,0.006079657003283501,0.12024776637554169,0.0,0.0
265,1089976364,-0.00480308523401618,1.4053521156311035,-0.4865138530731201,-0.24747739732265472,0.005572350230067968,0.11020250618457794,0.0,0.0
266,338926726,0.00015497207641601562,1.4008113145828247,0.0156660508364439,-0.449283242225647,-0.00017263896006625146,-0.003548606066033244,0.0,0.0
267,933695220,-0.004126357845962048,1.4006783962249756,-0.41798481345176697,-0.4551968574523926,0.0047883461229503155,0.09467970579862595,0.0,0.0
268,1493096170,0.006650066468864679,1.4039018154144287,0.6735596656799316,-0.3119449317455292,-0.00769894290715456,-0.15257127583026886,0.0,0.0
269,776974686,0.0011506080627441406,1.4001222848892212,0.11653214693069458,-0.4799041152000427,-0.0013265113811939955,-0.026396270841360092,0.0,0.0
270,375303292,0.0009845733875408769,1.413764476776123,0.09970509260892868,0.12642104923725128,-0.0011340121272951365,-0.0225847028195858,0.0,0.0
271,87231768,0.0054473876953125,1.4214811325073242,0.5517529249191284,0.46936628222465515,-0.0063054380007088184,-0.12498030811548233,0.0,0.0
272,250319891,0.0025340081192553043,1.420573115348816,0.2566415071487427,0.42902806401252747,-0.002929380862042308,-0.05813317373394966,0.0,0.0
273,697129427,-0.005248069763183594,1.4036341905593872,-0.5315964818000793,-0.32383501529693604,0.006088087800890207,0.12041465938091278,0.0,0.0
274,731000721,0.0026065825950354338,1.4031603336334229,0.2640012204647064,-0.34487447142601013,-0.003013547044247389,-0.05980011820793152,0.0,0.0
275,2074768177,0.0070701600052416325,1.4103906154632568,0.7161169648170471,-0.023548616096377373,-0.008185782469809055,-0.16221106052398682,0.0,0.0
276,95137055,-0.0010540008079260588,1.414076328277588,-0.10677050054073334,0.14027854800224304,0.001228070817887783,0.02418513223528862,0.0,0.0
277,91816320,0.005568027496337891,1.406010389328003,0.5639535784721375,-0.21822625398635864,-0.006445056293159723,-0.12774404883384705,0.0,0.0
278,203351094,0.0067116739228367805,1.4138869047164917,0.6798021197319031,0.1318415403366089,-0.007770317140966654,-0.15398523211479187,0.0,0.0
279,708172857,-0.0007318496936932206,1.419254183769226,-0.07414679229259491,0.3704037368297577,0.00085484265582636,0.016795378178358078,0.0,0.0
280,1205478087,-0.006844520568847656,1.421891450881958,-0.6932846903800964,0.48758822679519653,0.007937805727124214,0.15703929960727692,0.0,0.0
281,119173112,-0.007377147674560547,1.4110586643218994,-0.7472450733184814,0.006129620596766472,0.008555106818675995,0.16926217079162598,0.0,0.0
282,1282681837,-0.004515456967055798,1.4185525178909302,-0.45739513635635376,0.3391999304294586,0.005239201709628105,0.10360684245824814,0.0,0.0
283,40365026,0.006327629089355469,1.4212584495544434,0.6409021615982056,0.4594644606113434,-0.007325319107621908,-0.14517401158809662,0.0,0.0
284,930897256,-0.002967357635498047,1.407117486000061,-0.30057844519615173,-0.16901715099811554,0.003445229260250926,0.0680854544043541,0.0,0.0
285,916093942,0.007167625240981579,1.4200739860534668,0.7259830236434937,0.4068269431591034,-0.00829864852130413,-0.16444595158100128,0.0,0.0
286,1334586113,0.002635383512824774,1.4057787656784058,0.26692885160446167,-0.2285016030073166,-0.0030470506753772497,-0.060463279485702515,0.0,0.0
287,1382261388,-0.006026268005371094,1.4141566753387451,-0.6104100942611694,0.14383377134799957,0.006989713292568922,0.13826704025268555,0.0,0.0
288,1034182229,-0.0076618194580078125,1.4178318977355957,-0.7760747075080872,0.3071590065956116,0.008884918875992298,0.1757923662662506,0.0,0.0
289,845918869,-0.0007997512584552169,1.4069225788116455,-0.08101446181535721,-0.1776629537343979,0.0009334333590231836,0.018350981175899506,0.0,0.0
290,1616531344,-0.0063574789091944695,1.4018094539642334,-0.6439598798751831,-0.4049454629421234,0.007373507600277662,0.14586636424064636,0.0,0.0
291,521090321,-0.005047512240707874,1.410438060760498,-0.5112816691398621,-0.021430978551506996,0.005855674855411053,0.11581292003393173,0.0,0.0
292,1192931531,0.005233573727309704,1.4198120832443237,0.5300813317298889,0.3951927125453949,-0.00605753855779767,-0.12007124722003937,0.0,0.0
293,1308769600,-0.007123184390366077,1.4113996028900146,-0.7215003967285156,0.021287446841597557,0.00826059840619564,0.16343070566654205,0.0,0.0
294,1807250352,0.006037712097167969,1.4150899648666382,0.6115430593490601,0.1853170096874237,-0.006989445071667433,-0.13852360844612122,0.0,0.0
295,1493381989,-0.002014064695686102,1.4210556745529175,-0.20402011275291443,0.45046475529670715,0.002340607577934861,0.04621363431215286,0.0,0.0
296,370827654,0.0063683511689305305,1.4111340045928955,0.6450205445289612,0.009489079937338829,-0.0073724365793168545,-0.14610666036605835,0.0,0.0
297,784475336,0.0027850151527673006,1.4198685884475708,0.28207242488861084,0.39771559834480286,-0.003220308804884553,-0.06389360874891281,0.0,0.0
298,691761627,-0.0052967071533203125,1.4187519550323486,-0.5365209579467773,0.34806230664253235,0.006144408136606216,0.12153001874685287,0.0,0.0
299,157069139,-0.0007622718694619834,1.3987491130828857,-0.07722624391317368,-0.540928065776825,0.0008900879765860736,0.01749291643500328,0.0,0.0
300,567179518,0.005835151765495539,1.4189753532409668,0.5910238027572632,0.3580002784729004,-0.006754721514880657,-0.13387569785118103,0.0,0.0
301,855903052,0.006951046176254749,1.4081732034683228,0.7040494084358215,-0.12210462987422943,-0.008047732524573803,-0.15947780013084412,0.0,0.0
302,784824579,-0.0047210692428052425,1.40092134475708,-0.4782186448574066,-0.44440117478370667,0.005477424710988998,0.10832355171442032,0.0,0.0
303,1462490656,-0.0012707710266113281,1.411604881286621,-0.12872281670570374,0.03043551929295063,0.001479211961850524,0.029157647863030434,0.0,0.0
304,577808039,0.0047973631881177425,1.4214911460876465,0.48590365052223206,0.4698143005371094,-0.005552127957344055,-0.11006426811218262,0.0,0.0
305,1212847275,-0.0021685599349439144,1.4200565814971924,-0.2196786105632782,0.40605682134628296,0.0025197328068315983,0.04976049065589905,0.0,0.0
306,2028284104,-0.003434085752815008,1.4169480800628662,-0.3478425443172455,0.26789960265159607,0.003985951188951731,0.07879149913787842,0.0,0.0
307,714405881,0.0025921822525560856,1.3995757102966309,0.2625511884689331,-0.5041945576667786,-0.002996959025040269,-0.05947168916463852,0.0,0.0
308,1761756941,0.00030918122502043843,1.4076204299926758,0.03129306435585022,-0.14665158092975616,-0.0003513870178721845,-0.0070883347652852535,0.0,0.0
309,1081362068,0.0006679535144940019,1.4194263219833374,0.06764774024486542,0.3780559003353119,-0.0007672687061131,-0.015323196537792683,0.0,0.0
310,1210001589,0.005738735198974609,1.4186338186264038,0.5812658071517944,0.3428226709365845,-0.006643069442361593,-0.13166524469852448,0.0,0.0
311,109654569,0.005581093020737171,1.419461965560913,0.565274178981781,0.37961798906326294,-0.006460151635110378,-0.12804308533668518,0.0,0.0
312,713413783,0.00632133474573493,1.4190717935562134,0.6402578949928284,0.36228111386299133,-0.007317967247217894,-0.14502808451652527,0.0,0.0
313,2072021362,-0.007213497068732977,1.414005994796753,-0.7306790351867676,0.13713248074054718,0.008365575224161148,0.16550971567630768,0.0,0.0
314,1827985142,-0.006245327182114124,1.4039802551269531,-0.6325937509536743,-0.30845755338668823,0.00724349170923233,0.1432918906211853,0.0,0.0
315,1414100907,0.007359123323112726,1.4112210273742676,0.7453829646110535,0.013352626003324986,-0.008520575240254402,-0.16884031891822815,0.0,0.0
316,1725152872,0.0011793136363849044,1.4018776416778564,0.1194390207529068,-0.40188631415367126,-0.0013597657671198249,-0.027054715901613235,0.0,0.0
317,957739242,0.007370376493781805,1.410173773765564,0.7465152740478516,-0.03319452330470085,-0.008533545769751072,-0.16909697651863098,0.0,0.0
318,1221443584,-0.006455898284912109,1.4073537588119507,-0.6539255976676941,-0.1585242599248886,0.007487528026103973,0.14812389016151428,0.0,0.0
319,267845655,-0.002590179443359375,1.3990731239318848,-0.2623765170574188,-0.5265358686447144,0.003008214058354497,0.05943215638399124,0.0,0.0
320,1794051217,0.004319476895034313,1.418306589126587,0.4375026226043701,0.3282826542854309,-0.004998433403670788,-0.09910082817077637,0.0,0.0
321,1386520342,-0.0008289337274618447,1.412238597869873,-0.08398129045963287,0.058591339737176895,0.0009673578897491097,0.019023023545742035,0.0,0.0
322,1126324268,-0.00539741525426507,1.3986854553222656,-0.5467156171798706,-0.5437760949134827,0.006261060945689678,0.12383918464183807,0.0,0.0
323,241523200,-0.004589176271110773,1.408244252204895,-0.46485263109207153,-0.11893799901008606,0.005324532277882099,0.1052960753440857,0.0,0.0
324,863387912,-0.0004006385861430317,1.4032930135726929,-0.04058964177966118,-0.3389792740345001,0.0004709928762167692,0.009194145910441875,0.0,0.0
325,216581036,0.0074523924849927425,1.4185669422149658,0.7548273205757141,0.339840292930603,-0.008628638461232185,-0.17097978293895721,0.0,0.0
326,1840851141,0.006439399905502796,1.414149522781372,0.6522411704063416,0.14351104199886322,-0.007455009501427412,-0.14774242043495178,0.0,0.0
327,1662776305,0.006792926695197821,1.3999234437942505,0.6880289912223816,-0.48875996470451355,-0.007864442653954029,-0.15584860742092133,0.0,0.0
328,200706954,-0.0027514458633959293,1.4164632558822632,-0.27870747447013855,0.24636152386665344,0.0031950243283063173,0.0631314069032669,0.0,0.0
329,546315261,0.00026836394681595266,1.4121510982513428,0.027160191908478737,0.05471595749258995,-0.00030412175692617893,-0.0061521935276687145,0.0,0.0
330,759939275,0.0025763511657714844,1.413367509841919,0.26093465089797974,0.1087680533528328,-0.002978475298732519,-0.05910560488700867,0.0,0.0
331,1967397134,-0.0018427849281579256,1.4159640073776245,-0.18667596578598022,0.22417764365673065,0.00214219163171947,0.04228486865758896,0.0,0.0
332,1558142637,0.0061476705595850945,1.403710126876831,0.6226710677146912,-0.3204585313796997,-0.007116767577826977,-0.14104421436786652,0.0,0.0
