crash_rate,episodes,lambda,mean_discounted_task_return,mean_discounted_theta_star_variation,mean_final_distance_to_pad,mean_final_speed,mean_max_abs_theta_tracking_error,mean_mean_abs_theta_tracking_error,mean_official_return,mean_task_return,mean_theta_star_variation,out_of_bounds_rate,success_rate,truncated_rate,wn,zeta
0.04666666666666667,150,0.0,25.744116145478817,0.19847199328780452,0.4229034651739259,0.11683631936542156,0.22052373827895402,0.06008907396470389,109.45098341577594,109.754271845655,1.158538612126876,0.16666666666666666,0.7133333333333334,0.07333333333333333,0.5,0.3
0.02,150,0.0,28.8554484061701,0.20161410174363487,0.3137823789500191,0.06845205365597785,0.15555045077552893,0.02479384162835031,147.82129387041283,148.89936050733934,1.1543260914700462,0.11333333333333333,0.8133333333333334,0.05333333333333334,1.0,0.3
0.013333333333333334,150,0.0,30.214438120509353,0.23008067043122082,0.3069832574378221,0.05708966331210929,0.15044724898204245,0.019550907502542212,143.3021345491998,150.1727037395051,1.416994723653136,0.10666666666666667,0.8133333333333334,0.06666666666666667,2.0,0.3
0.02666666666666667,150,0.0,31.111685467160097,0.24796498035910577,0.3016217345005352,0.04584645843154993,0.14598636207520307,0.01736847372926059,142.571166497337,152.16646190510122,1.5591701450255095,0.09333333333333334,0.8133333333333334,0.06666666666666667,4.0,0.3
0.013333333333333334,150,0.0,31.45815067128802,0.2642578765289585,0.29462301516398315,0.042874124310015894,0.14448669140751272,0.017290761888794182,144.59704644237968,156.31014345746974,1.7035986375790837,0.08666666666666667,0.8266666666666667,0.07333333333333333,6.0,0.3
0.013333333333333334,150,0.0,31.770269468987152,0.2809841119116196,0.28903408662155944,0.04105254250588581,0.1466917508199613,0.018184809705883414,145.20419189777633,158.64928894847924,1.832784321523873,0.08,0.8333333333333334,0.07333333333333333,8.0,0.3
0.013333333333333334,150,0.0,31.92650314498101,0.29063154634835153,0.29108898861112226,0.04190130199276066,0.1483543633385643,0.019310271216659996,141.0358517348617,155.46987792577968,1.911493411612437,0.08666666666666667,0.82,0.08,10.0,0.3
0.02666666666666667,150,0.0,32.169677825824145,0.2961457701617807,0.2846104079419398,0.04381467205542108,0.15536288246967406,0.020070259813787295,139.1236335996695,154.17721305649087,1.9577866121310414,0.07333333333333333,0.82,0.08,12.0,0.3
0.05333333333333334,150,0.0,22.2295048757841,0.19185058987333356,0.5190642045358406,0.15874241700068764,0.22205913291309923,0.05066985230327457,83.98086326440561,85.17374121164481,1.0756670190162398,0.24666666666666667,0.6466666666666666,0.05333333333333334,0.5,0.7
0.03333333333333333,150,0.0,25.398707988985368,0.2226323846929075,0.40226751758851614,0.10152022440518557,0.15754697107041546,0.032330046724414994,116.16665979233466,122.7672133119854,1.3062915175900291,0.18666666666666668,0.7333333333333333,0.04666666666666667,1.0,0.7
0.013333333333333334,150,0.0,28.67036952538382,0.24227322006832822,0.32276289377420414,0.0780454559758499,0.16169269815883014,0.02572244770571294,133.6178838706952,143.0231446473667,1.5171567074548815,0.12,0.7933333333333333,0.07333333333333333,2.0,0.7
0.02,150,0.0,30.108712705679974,0.26787971423591417,0.3107639454978122,0.0584494718413679,0.1528572390478123,0.02125273835039886,136.4035559755825,148.8477523873423,1.732100262592153,0.10666666666666667,0.8066666666666666,0.06666666666666667,4.0,0.7
0.02,150,0.0,30.749850931245323,0.28462786609487317,0.297930363244059,0.046223964172075575,0.1462781147169118,0.018318513886210048,141.57786411353766,155.63939054077744,1.8491951128103885,0.08,0.8266666666666667,0.07333333333333333,6.0,0.7
0.02666666666666667,150,0.0,31.00814218198202,0.2908768072494553,0.2982382716886516,0.04611778088556422,0.14472883905585476,0.017927158154096148,140.4179142087265,155.0327591568754,1.8937118999461742,0.08666666666666667,0.8266666666666667,0.06,8.0,0.7
0.02,150,0.0,31.135013966350567,0.29567562425347366,0.2996826857802188,0.04740469001075631,0.14649525489203014,0.01840390709286145,137.7707076052522,152.81470954693538,1.9397883056162604,0.09333333333333334,0.8133333333333334,0.07333333333333333,10.0,0.7
0.02,150,0.0,31.294669335646407,0.298154457762968,0.2982339290749252,0.04230207227852432,0.14661907701992372,0.018888791020059192,137.28303963587058,152.60548929360866,1.9610741015007958,0.08666666666666667,0.8066666666666666,0.08666666666666667,12.0,0.7
0.04666666666666667,150,0.0,20.719003114802852,0.20149176537182997,0.5763160615323627,0.1762724196092995,0.177599030159195,0.05102848035311425,67.86024694886473,71.53580074147958,1.086680760060079,0.30666666666666664,0.5866666666666667,0.06,0.5,1.0
0.02666666666666667,150,0.0,23.987535834668808,0.22564189378417676,0.4723361574687131,0.12476414552248623,0.17909334763474308,0.04053641676818119,96.03360019004417,103.62936993611488,1.335878707887011,0.22,0.6866666666666666,0.06666666666666667,1.0,1.0
0.02666666666666667,150,0.0,27.502656425501893,0.24752098507200843,0.34582204105988323,0.08909970857440247,0.1622718530798444,0.028791481279994747,122.32528442361561,132.8549595596765,1.5580030003299428,0.14,0.7666666666666667,0.06666666666666667,2.0,1.0
0.02666666666666667,150,0.0,29.428307650658585,0.2784323010160888,0.3237003645269986,0.07067135852770733,0.15541877824950415,0.02268054712696844,130.28690714046925,143.9077315394826,1.8026009117357868,0.12,0.8,0.05333333333333334,4.0,1.0
0.013333333333333334,150,0.0,30.20036293741335,0.28951785560582605,0.3085892662091254,0.05914497928104237,0.15224079859306544,0.020931138127170283,135.54196581393933,150.09216229420912,1.866229991824558,0.11333333333333333,0.8133333333333334,0.06,6.0,1.0
0.02666666666666667,150,0.0,30.599799099633874,0.29553164155502315,0.3017892315399869,0.049768487408824405,0.14563519005417305,0.018974059132942558,135.43277504225676,150.59082381662213,1.936628153476895,0.09333333333333334,0.8066666666666666,0.07333333333333333,8.0,1.0
0.02,150,0.0,30.896632350015388,0.2986002834768185,0.3024284926117765,0.04441098270189117,0.1478058536317202,0.01811466887369198,141.81220483665612,157.1296940415498,1.940166845399843,0.08666666666666667,0.84,0.05333333333333334,10.0,1.0
0.02666666666666667,150,0.0,31.05408414568138,0.30013128375614506,0.30276944887999135,0.046015637130753316,0.1454593212624024,0.0179852299795671,138.33763735126212,153.77204035731657,1.9639108842464141,0.08666666666666667,0.82,0.06666666666666667,12.0,1.0
0.03333333333333333,150,15.0,25.967585719837437,0.1891666243587631,0.3626879691645389,0.11481584775579443,0.20736973407870732,0.05411121141173496,97.58656629629016,97.92930557682195,1.249142677592063,0.15333333333333332,0.66,0.15333333333333332,0.5,0.3
0.006666666666666667,150,15.0,28.315269743808276,0.19047841177738917,0.29494225849126227,0.07580167647505365,0.14768807362578304,0.023587627006091374,120.0329113477289,121.53679700546229,1.3131055950405017,0.11333333333333333,0.7066666666666667,0.17333333333333334,1.0,0.3
0.02,150,15.0,29.700692778139384,0.2192594467740707,0.28163452011555523,0.051297675136041644,0.13575823548843013,0.01678572813342673,121.38234616047919,129.65122031095572,1.5920154476010422,0.08666666666666667,0.72,0.17333333333333334,2.0,0.3
0.02666666666666667,150,15.0,30.446411463423065,0.23594087689156046,0.275777460022996,0.04550057444728188,0.1335975398784435,0.013943206956814053,116.10084705913903,127.58062246777973,1.7577683082395643,0.08,0.7,0.19333333333333333,4.0,0.3
0.02,150,15.0,30.826426725023726,0.25300403515208825,0.2717245152523503,0.0442183159091345,0.13061513753630932,0.013726304491006841,116.73136235859381,130.82228828229782,1.9490587837866649,0.08,0.72,0.18,6.0,0.3
0.02,150,15.0,31.037975761900768,0.27048172318377944,0.2691529517105012,0.04010803010524427,0.13229122499537055,0.014785113948015714,115.02853988759188,131.21516649770652,2.127928913808934,0.07333333333333333,0.7133333333333334,0.19333333333333333,8.0,0.3
0.02666666666666667,150,15.0,31.20590143252737,0.28189687771755206,0.2669624351813919,0.045677123839804705,0.1428152277073303,0.016218310995998908,109.60264977477976,126.87210705594572,2.2190270850990745,0.07333333333333333,0.7,0.2,10.0,0.3
0.006666666666666667,150,15.0,31.48749484781675,0.28580711097254324,0.25689746954418013,0.03621761496565079,0.13664728943840532,0.01804552453891496,116.92513321388829,134.84001092240834,2.2730334702201107,0.06666666666666667,0.7266666666666667,0.2,12.0,0.3
0.06,150,15.0,22.32480016133543,0.1808097038125167,0.4946738728888399,0.15685010663443003,0.19570540518975185,0.04936736290653786,66.1332961160003,67.61488404617829,1.165518348033582,0.24,0.56,0.14,0.5,0.7
0.04666666666666667,150,15.0,25.428008442255408,0.2116840360429669,0.36523517700456715,0.09844337094126747,0.1634225880619603,0.030056869332314804,94.77130825599649,102.79686066960787,1.4933662471537226,0.14666666666666667,0.6533333333333333,0.15333333333333332,1.0,0.7
0.02,150,15.0,28.182889900501994,0.22965111352714027,0.29544513582579074,0.06543849420309601,0.14214466488586236,0.02164700070334001,112.00685586273086,123.1921138699019,1.6979422455781326,0.1,0.7066666666666667,0.17333333333333334,2.0,0.7
0.02,150,15.0,29.65686034888248,0.2558864883967452,0.2830401383032366,0.053633058483846696,0.1359119423755287,0.017694754055542137,112.65834655097565,127.44671164438051,1.9763835247059913,0.08666666666666667,0.7133333333333334,0.18,4.0,0.7
0.013333333333333334,150,15.0,30.121556256858323,0.2724067374096391,0.27670158496337405,0.0480031775907781,0.1347653341434735,0.016051625278671044,109.5410275282662,126.284567628001,2.1369541849935896,0.08666666666666667,0.6933333333333334,0.20666666666666667,6.0,0.7
0.02,150,15.0,30.330680727567294,0.277922219351337,0.27710461844376333,0.04871093978906049,0.13630431921569955,0.01571276534751631,106.63186711581484,124.20106089280935,2.206258043751717,0.08666666666666667,0.6866666666666666,0.20666666666666667,8.0,0.7
0.02,150,15.0,30.52180778364681,0.28267010694396666,0.27677080960708594,0.0461818631558419,0.13452805364956583,0.015623588926991758,111.68224060422489,129.38481786003274,2.1997330713167336,0.08,0.7066666666666667,0.19333333333333333,10.0,0.7
0.006666666666666667,150,15.0,30.57029944108696,0.2856776213433837,0.2759067199902876,0.04563040278863421,0.13409652327442673,0.015000072814480493,110.35176721588762,128.443816340588,2.247815212813235,0.08666666666666667,0.6933333333333334,0.21333333333333335,12.0,0.7
0.06,150,15.0,21.262338955409767,0.1907767032495897,0.5278445500167308,0.16020390510149615,0.19316350190979795,0.04708639502260813,55.82592250543769,60.29319676167357,1.228164038899267,0.25333333333333335,0.54,0.14666666666666667,0.5,1.0
0.04,150,15.0,23.996429138786663,0.2141518964099782,0.41795458084444564,0.11521875957590287,0.15316982879580643,0.03376074695495563,83.84504442333484,92.76448536439513,1.4717631661829538,0.2,0.6333333333333333,0.12666666666666668,1.0,1.0
0.02666666666666667,150,15.0,27.420813184997375,0.23497370329248365,0.31119672874709503,0.0773824445753816,0.15004353991419275,0.02480549354740761,103.48443839581346,116.08695450906247,1.7821535174166327,0.1,0.68,0.19333333333333333,2.0,1.0
0.006666666666666667,150,15.0,28.942416773094457,0.26504272260867673,0.28875961020121294,0.057979930421091494,0.13813548038071521,0.020027366800695917,111.22664829070317,127.29911443073395,2.0593418944820767,0.1,0.7133333333333334,0.18,4.0,1.0
0.013333333333333334,150,15.0,29.72211388880764,0.2760647540869681,0.2816496099067642,0.051269426724783046,0.13717023285140176,0.017565021037913586,110.03399653020048,127.32138943695014,2.1463996543840698,0.08666666666666667,0.7,0.2,6.0,1.0
0.02,150,15.0,30.022475599378183,0.2808386207383234,0.27942611036412257,0.05225573004515845,0.1356437418342597,0.016408129496144678,105.18300567962933,123.15838655063689,2.2098857039227893,0.08666666666666667,0.68,0.21333333333333335,8.0,1.0
0.013333333333333334,150,15.0,30.251608955314385,0.28367865952338966,0.275222472151941,0.04636564815006105,0.1326693785350522,0.015961904314210285,109.56652014681138,127.69455174067922,2.223485479668397,0.08,0.6933333333333334,0.21333333333333335,10.0,1.0
0.02666666666666667,150,15.0,30.36035113752953,0.2854697773854877,0.2764195043498949,0.048517349471581754,0.1330411974380757,0.015534646534355427,108.69261125094863,126.94066969955253,2.2396148436680785,0.08,0.6933333333333334,0.2,12.0,1.0
0.02,150,30.0,27.54682472152176,0.184263255671599,0.3478956397999283,0.10474085898911262,0.18966939396994187,0.05407726870735658,107.4415878448788,107.82802182149824,1.2369712659116274,0.14666666666666667,0.6666666666666666,0.16666666666666666,0.5,0.3
0.02666666666666667,150,30.0,29.986154110614837,0.1844535754110967,0.27816930199201473,0.058828102668894655,0.13779044438493698,0.02065658043287134,125.8737297763754,127.37735942374594,1.2511906806405795,0.08666666666666667,0.7133333333333334,0.17333333333333334,1.0,0.3
0.013333333333333334,150,30.0,31.009014819354135,0.21298417096285263,0.27953812867606065,0.05447717983834641,0.136410945534174,0.016411163617567982,121.43186225199383,129.73955046486347,1.5448812900114308,0.09333333333333334,0.72,0.17333333333333334,2.0,0.3
0.013333333333333334,150,30.0,31.8978932785707,0.2285783965351601,0.26207950423905074,0.043103522320423374,0.13158291538237482,0.014227062907476102,123.87756447802715,135.3133266713056,1.695178261464988,0.07333333333333333,0.7266666666666667,0.18666666666666668,4.0,0.3
0.013333333333333334,150,30.0,32.1431952569786,0.24548246192685771,0.2624703815605124,0.04227160513668934,0.1323272585180732,0.014945086782754817,119.66662037482683,133.5905600754787,1.8890439642992647,0.07333333333333333,0.7066666666666667,0.20666666666666667,6.0,0.3
0.013333333333333334,150,30.0,32.53651903998114,0.26431715598165045,0.2499802230060879,0.03926761666170707,0.13696606214356088,0.01679906003743532,118.06526792532536,134.27178393424592,2.088315693083682,0.06666666666666667,0.7066666666666667,0.21333333333333335,8.0,0.3
0.013333333333333334,150,30.0,32.62154263945263,0.2751868803825493,0.24792480705342793,0.04002542820346486,0.13503379171665325,0.017319553057828306,116.83860583077268,134.07323926192157,2.177588541114996,0.06666666666666667,0.7066666666666667,0.21333333333333335,10.0,0.3
0.013333333333333334,150,30.0,32.75263237747795,0.27889853004912385,0.24877126632775629,0.0380452872404908,0.13573535612028131,0.018377715747184782,114.13193873536254,131.91915506140396,2.216097874568687,0.06666666666666667,0.6866666666666666,0.23333333333333334,12.0,0.3
0.04666666666666667,150,30.0,24.213358476604245,0.17578696154818496,0.4667522960135755,0.13717473691106252,0.1953116499352224,0.043619927803785666,78.21176324241051,79.6875284752298,1.0975505981954985,0.22,0.5933333333333334,0.14,0.5,0.7
0.02666666666666667,150,30.0,27.048946108260736,0.2054217215839934,0.350891034603939,0.08652629266469695,0.14693390165172676,0.028066952907735778,101.59667687369894,109.52151549840274,1.4211160784975263,0.14666666666666667,0.66,0.16666666666666666,1.0,0.7
0.006666666666666667,150,30.0,29.640465634630722,0.22260550182772476,0.28491914988030126,0.07041971524459313,0.13447366573233263,0.021509947954030224,114.40079765996992,125.49757704454755,1.6584143645239706,0.1,0.7066666666666667,0.18666666666666668,2.0,0.7
0.013333333333333334,150,30.0,30.965317613712735,0.24755566814330354,0.27848339273240724,0.055411925971221895,0.1316232547738317,0.01728574682698569,113.025597769072,127.706485668695,1.915424427207612,0.08666666666666667,0.7,0.2,4.0,0.7
0.02666666666666667,150,30.0,31.414309046495315,0.26308393011622155,0.26823510744357426,0.05454465791438706,0.14016571039441938,0.01669428281418751,109.42356169140805,125.91118565847356,2.0390845499267245,0.08,0.6866666666666666,0.20666666666666667,6.0,0.7
0.013333333333333334,150,30.0,31.657502558726907,0.2696553282389136,0.2683011742420555,0.045546955905382054,0.12985097236132656,0.015470695147710076,114.74941662186252,131.9439506959408,2.0906999864904154,0.08,0.7066666666666667,0.2,8.0,0.7
0.02,150,30.0,31.915460728843087,0.27402206272359375,0.27146873500174623,0.04688397959649283,0.13319520790179978,0.016246118303985483,110.00619869869428,127.70310500505808,2.1483819838758382,0.07333333333333333,0.68,0.22666666666666666,10.0,0.7
0.02,150,30.0,31.974363212517396,0.27666698870481937,0.2630091059853332,0.04509647878760115,0.1335069522005169,0.01564431378730399,109.54537606234187,127.58011095604355,2.1821400935965336,0.07333333333333333,0.6733333333333333,0.23333333333333334,12.0,0.7
0.02666666666666667,150,30.0,23.00954025652674,0.1849367562729772,0.4950754234431883,0.14516162038290195,0.17467652770093664,0.04518088619534951,71.67981417416088,76.11714096248397,1.1821582080661326,0.25333333333333335,0.58,0.14,0.5,1.0
0.04666666666666667,150,30.0,25.76012770273092,0.20735111768244735,0.38915438837530963,0.10001463362094719,0.147897114445114,0.03193666314009219,91.88573905379582,100.83812182277411,1.4254671903357765,0.16666666666666666,0.64,0.14666666666666667,1.0,1.0
0.02666666666666667,150,30.0,28.87250728449225,0.22868662368027146,0.29331301468824206,0.0764600951994821,0.145999809008734,0.024180434967993103,106.39142555291166,118.85256393960066,1.7163499011961967,0.10666666666666667,0.6866666666666666,0.18,2.0,1.0
0.02,150,30.0,30.330968147538304,0.2567048549465681,0.28226809919145546,0.0570442693451592,0.12953942103003505,0.01871925317033168,112.8418368308989,128.75181007505208,1.9762525758279192,0.09333333333333334,0.72,0.16666666666666666,4.0,1.0
0.013333333333333334,150,30.0,31.043067898742567,0.26683151761360147,0.274438605638188,0.04928269369013407,0.1322551338424482,0.017902419438958046,111.53821462820025,128.76043808476166,2.0840306105909665,0.08666666666666667,0.7,0.2,6.0,1.0
0.013333333333333334,150,30.0,31.36193005482474,0.27201553760004854,0.27422420480590254,0.05236026068448526,0.1318545457065851,0.017116121225666435,109.59808280698918,127.23554595918208,2.1137239636753127,0.08666666666666667,0.6866666666666666,0.21333333333333335,8.0,1.0
0.02,150,30.0,31.537467725884223,0.2740377166508964,0.26802865627477757,0.04685350847103508,0.12822528167601413,0.015855290410682402,111.9376488361954,129.78359778245627,2.1451841822733293,0.08,0.6933333333333334,0.20666666666666667,10.0,1.0
0.02,150,30.0,31.812895140659755,0.27655976466927673,0.26367977509941637,0.04291029461675914,0.12996504089195815,0.016081619732086033,116.49754771362893,134.4776686143282,2.1495157800759697,0.07333333333333333,0.72,0.18666666666666668,12.0,1.0
0.03333333333333333,150,50.0,27.054259708287603,0.18032339778080037,0.37315032292576994,0.0992654447402666,0.205916319010042,0.05431528441177484,119.11913445566275,119.454145759686,1.0943856730437722,0.14666666666666667,0.72,0.1,0.5,0.3
0.013333333333333334,150,50.0,29.511869776283746,0.18032815193798116,0.31558432459317737,0.07213433905343497,0.158886142376183,0.024012599013278683,144.98019705961244,146.27695232408084,1.0849383821028105,0.12,0.82,0.04666666666666667,1.0,0.3
0.013333333333333334,150,50.0,30.36106918428783,0.2067743009832675,0.30258483745999853,0.04926272075777061,0.14352928514822125,0.01841036203666638,149.35454586871268,156.4054964875936,1.2836474695492424,0.10666666666666667,0.8466666666666667,0.03333333333333333,2.0,0.3
0.02,150,50.0,31.11768399564792,0.22318035899520822,0.2977911913738206,0.04086498069477147,0.14023713659565218,0.01645665252261197,147.6683539863217,157.6217693691484,1.4589030871124025,0.09333333333333334,0.8533333333333334,0.03333333333333333,4.0,0.3
0.013333333333333334,150,50.0,31.439395416776836,0.24020804399824955,0.28892886477779417,0.04412830113984241,0.14848266501248233,0.017638000943090967,144.67602830072607,156.73881169876387,1.6114680609077014,0.09333333333333334,0.84,0.05333333333333334,6.0,0.3
0.013333333333333334,150,50.0,31.768156732066856,0.2582305980770232,0.28356314797522997,0.03977812116678414,0.14563112469703735,0.01775435020918089,147.81089493992263,161.70023684977895,1.7456276490442595,0.08666666666666667,0.8666666666666667,0.03333333333333333,8.0,0.3
0.013333333333333334,150,50.0,31.90643504880621,0.2685343132478868,0.28622719857475515,0.03512146581763531,0.13761723852196234,0.018495596485101875,148.14280745022714,162.79816723668998,1.819704556440075,0.08666666666666667,0.8666666666666667,0.03333333333333333,10.0,0.3
0.02666666666666667,150,50.0,32.09750527982092,0.2719542055578703,0.2863698860834839,0.03804704374588107,0.1469218896831363,0.019840692548702327,142.37077125252733,157.75061287953946,1.8827306091907894,0.08,0.8533333333333334,0.04,12.0,0.3
0.04666666666666667,150,50.0,24.251831039617883,0.17159519646342303,0.45819331569378025,0.11992108395772597,0.20138047980577348,0.04708434024879107,109.20588800247249,110.46042630248917,0.9693792275449251,0.2,0.7133333333333334,0.04,0.5,0.7
0.04666666666666667,150,50.0,26.919863497964787,0.2003813505545097,0.3696598478229732,0.09623648789405621,0.1678229064548668,0.03192345664893994,115.95924637347392,122.95249006066283,1.2540356753181505,0.15333333333333332,0.7333333333333333,0.06666666666666667,1.0,0.7
0.02666666666666667,150,50.0,29.15028082080838,0.2166879415100025,0.31011024441780616,0.06536039477666918,0.16117391355094257,0.025059968719163175,137.80534022616862,147.3463067745087,1.4107270278838124,0.10666666666666667,0.82,0.04666666666666667,2.0,0.7
0.013333333333333334,150,50.0,30.321857350548306,0.24077315099656446,0.3041955404234694,0.05645794017225704,0.14859230961711897,0.019852952160299444,141.3967904243805,153.96128897076545,1.6016723279064515,0.10666666666666667,0.8333333333333334,0.04666666666666667,4.0,0.7
0.02,150,50.0,30.90326175839608,0.25535140270867634,0.29804347248973145,0.04523566943126943,0.14221233002964326,0.01794949562148286,142.85157028072527,157.0462638686935,1.7167641444895434,0.09333333333333334,0.8466666666666667,0.04,6.0,0.7
0.006666666666666667,150,50.0,31.08257766770168,0.2625412196066285,0.2978522859687333,0.04483508613765061,0.14127642362675857,0.018215531828607072,144.30045707106066,159.13688181800492,1.7827382738944,0.09333333333333334,0.8533333333333334,0.04666666666666667,8.0,0.7
0.013333333333333334,150,50.0,31.226059709428508,0.2669833286253391,0.2904506563572312,0.04092049755897736,0.13964800616049525,0.01753198133509174,144.09764213332096,159.26745331315135,1.8044322079613289,0.09333333333333334,0.8533333333333334,0.04,10.0,0.7
0.013333333333333334,150,50.0,31.266793379317825,0.2679141737529112,0.29143714239892565,0.03918156164297786,0.14258286357853897,0.017831480835781777,144.92726777672343,160.35232153542668,1.8293589729235085,0.09333333333333334,0.86,0.03333333333333333,12.0,0.7
0.05333333333333334,150,50.0,22.714625516198442,0.18109625322706113,0.5325522439456332,0.16614027603965198,0.20347609648978357,0.04942941963563719,78.80841856343152,82.57697063377778,1.0114970294423604,0.26666666666666666,0.6333333333333333,0.04666666666666667,0.5,1.0
0.04666666666666667,150,50.0,25.68500981997736,0.20264823417438163,0.4220239307216914,0.1258210083058227,0.18022293919358773,0.036758999427630834,102.9958606256168,110.8612663296981,1.2660792258358713,0.18666666666666668,0.7133333333333334,0.05333333333333334,1.0,1.0
0.04,150,50.0,28.49946526166875,0.2218051635936044,0.33237483068411394,0.07680928537749696,0.16095852370907582,0.026219791324524722,128.5339741455866,139.16868106400477,1.4430990745466503,0.12666666666666668,0.8,0.03333333333333333,2.0,1.0
0.02,150,50.0,29.822485498694622,0.24952620320563587,0.304882093679453,0.05354530884799511,0.15389101900485935,0.02209163941305188,139.2564162841522,153.0469826377907,1.680615551269503,0.10666666666666667,0.8466666666666667,0.02666666666666667,4.0,1.0
0.013333333333333334,150,50.0,30.37925509826046,0.2592942672468293,0.29998302880611294,0.05589702700853979,0.15516807633876098,0.020434491790096335,140.43808607392654,155.1266197419676,1.7495672173886982,0.10666666666666667,0.8466666666666667,0.03333333333333333,6.0,1.0
0.013333333333333334,150,50.0,30.86811730285768,0.26349845019175805,0.29588587214171413,0.043262394952806094,0.1415906064558903,0.01843922086871919,144.31771430457235,159.47709420863083,1.7691850924104437,0.09333333333333334,0.8533333333333334,0.04,8.0,1.0
0.013333333333333334,150,50.0,31.009654516747045,0.2677942529190504,0.2908353030585086,0.040688543346572924,0.14174336428440523,0.018232544342742785,143.91273488451796,159.41852385958575,1.8113382276622543,0.09333333333333334,0.8533333333333334,0.04,10.0,1.0
0.013333333333333334,150,50.0,31.095160577140934,0.2678666332882014,0.2926648987006555,0.03988731811052534,0.14116338395330474,0.01855740648533605,143.04398151426986,158.70234015791615,1.8301685108169128,0.09333333333333334,0.8533333333333334,0.04,12.0,1.0
0.03333333333333333,150,100.0,27.634572759702515,0.17316053810013438,0.34548334929180924,0.1056681152233111,0.18060412611816995,0.051418098072383144,110.68548629783216,111.05011697157325,1.14182899210193,0.15333333333333332,0.6866666666666666,0.12666666666666668,0.5,0.3
0.02,150,100.0,29.47873566264133,0.171385377751961,0.26441770654554736,0.057698988641422935,0.13900755503569615,0.02118985904519806,133.54662619709265,135.06949707642508,1.1534075471355227,0.08666666666666667,0.74,0.15333333333333332,1.0,0.3
0.02,150,100.0,30.410642451626234,0.19649728084110393,0.2606210771307809,0.055563310412090026,0.13566808260875357,0.01574539582267408,130.3596618676611,138.41810057320603,1.3887136465109098,0.08666666666666667,0.76,0.13333333333333333,2.0,0.3
0.013333333333333334,150,100.0,31.280440540242854,0.2120799621550225,0.24882707015916197,0.048787631142881795,0.1336468461195485,0.014704620919050507,135.51977714766934,146.50907014251123,1.5182586558048925,0.08,0.7866666666666666,0.12,4.0,0.3
0.013333333333333334,150,100.0,31.475607966846844,0.22802093129909945,0.24543137215298336,0.044733927407463875,0.1338382495433934,0.01470316938256394,131.14612088979123,144.72018070073833,1.7212908961465512,0.08,0.7733333333333333,0.13333333333333333,6.0,0.3
0.02,150,100.0,31.806927709450235,0.24578690772470974,0.23975511589855975,0.04953313377400146,0.14449131246352792,0.01648743656187413,125.69750308575526,141.48197181996468,1.905172853500892,0.07333333333333333,0.7666666666666667,0.14,8.0,0.3
0.013333333333333334,150,100.0,32.082976416962225,0.25612350988380417,0.2335012407071252,0.043984597239008154,0.1345528242812477,0.01711878263488621,127.96181751933213,144.8607597366266,2.014364477852312,0.06666666666666667,0.7733333333333333,0.14666666666666667,10.0,0.3
0.02,150,100.0,31.99471961689827,0.2602614829858354,0.23889967933944567,0.04323241861055021,0.13492658462614115,0.01829977138800827,125.20913187577739,142.49143530129052,2.0387537767821935,0.06666666666666667,0.76,0.15333333333333332,12.0,0.3
0.05333333333333334,150,100.0,24.429774176178533,0.16416930045357522,0.4393159609298938,0.1477943501270493,0.18778141552746094,0.04534672016417354,81.31859348638747,82.80372704431558,1.0834590769172847,0.21333333333333335,0.6066666666666667,0.12666666666666668,0.5,0.7
0.02,150,100.0,27.002172771874054,0.19012405943416075,0.32341539501238925,0.08671853906060269,0.13927433565790054,0.027461605616429588,113.77968352548443,121.77337564999381,1.352420639491497,0.13333333333333333,0.72,0.12666666666666668,1.0,0.7
0.02,150,100.0,29.123049995773666,0.2049982699890189,0.270115328793114,0.06519267960213483,0.13499750523334075,0.02087472847072505,124.71313757921337,135.35133050640002,1.4654690738786973,0.09333333333333334,0.7466666666666667,0.14,2.0,0.7
0.02,150,100.0,30.35509870490874,0.22658804397297871,0.2629550413168194,0.05769513582879752,0.13573135229040428,0.017594715209941776,122.66142766664959,136.77785940678137,1.7040993602131898,0.08666666666666667,0.7466666666666667,0.14666666666666667,4.0,0.7
0.013333333333333334,150,100.0,30.800627299274918,0.24135289220015504,0.2559516497772015,0.05049435027065397,0.1327847649937559,0.016083358383725925,128.0712807581007,143.90653118942373,1.8252444576887308,0.08666666666666667,0.78,0.12,6.0,0.7
0.013333333333333334,150,100.0,31.04030134761871,0.24729455454969415,0.25128541933191045,0.05414130856822642,0.13388564491382343,0.016277486537332207,123.5461864302586,140.28788265616154,1.8991831986750034,0.08666666666666667,0.76,0.14,8.0,0.7
0.006666666666666667,150,100.0,31.251096841752805,0.2519685314732964,0.24727455703053267,0.04750008574638764,0.12681455552590157,0.015315902802624267,126.51096684003817,143.73450770427056,1.9436962218494913,0.08,0.7666666666666667,0.14666666666666667,10.0,0.7
0.02,150,100.0,31.328590770628384,0.2550692162908214,0.24617507826803195,0.04867031245672102,0.13363972560736104,0.015936412631096058,122.43644797659373,140.04391398896178,1.987280174563332,0.07333333333333333,0.7533333333333333,0.15333333333333332,12.0,0.7
0.07333333333333333,150,100.0,23.28464043264481,0.17271444108138154,0.4738838981403379,0.159620505048799,0.20007412109701306,0.04351923625409209,69.9110950654545,74.35546319902166,1.1286640972936646,0.22666666666666666,0.6,0.1,0.5,1.0
0.04666666666666667,150,100.0,25.938543674606994,0.19219439040975914,0.3560850645166093,0.09938116742619536,0.1476482255358218,0.03163931445710407,101.0656300099126,109.98317038674567,1.3458991108550729,0.16,0.6866666666666666,0.10666666666666667,1.0,1.0
0.02,150,100.0,28.54298117455248,0.20923416466891923,0.2809269020538959,0.07475425508098388,0.137707139031563,0.022375344303651932,118.13974558027958,130.11206647644198,1.5194768286192641,0.11333333333333333,0.74,0.12666666666666668,2.0,1.0
0.02,150,100.0,29.922044573934656,0.23471937960515343,0.26376999034831655,0.06093945662115043,0.13445891331126245,0.01818764039757454,121.34450005996271,136.9342961912462,1.7914379069611346,0.08666666666666667,0.76,0.13333333333333333,4.0,1.0
0.02,150,100.0,30.425885316983514,0.24375516221879687,0.26396536438367896,0.054930333216614405,0.13453041062191454,0.01794902676006662,120.384969918914,136.963807049526,1.8685561722726303,0.08666666666666667,0.7466666666666667,0.14666666666666667,6.0,1.0
0.02,150,100.0,30.75674081935142,0.24902242748679318,0.2617497175965217,0.05375269948925239,0.13211619843503158,0.01639437636488776,122.77007693142733,139.70122388806666,1.8839705555233666,0.08666666666666667,0.76,0.13333333333333333,8.0,1.0
0.013333333333333334,150,100.0,30.90693992585296,0.2513671336080727,0.2568592309502665,0.048617805910017985,0.1342730574323372,0.016545898353018267,123.17259574291052,140.51525822326948,1.929102082825073,0.08666666666666667,0.76,0.14,10.0,1.0
0.006666666666666667,150,100.0,31.19322472579237,0.2532476835346564,0.24759906825317168,0.04518968452298824,0.12674969758379795,0.015346494362111475,127.17078061835731,144.75517857786446,1.9363433126999128,0.08,0.7666666666666667,0.14666666666666667,12.0,1.0
0.02666666666666667,150,200.0,28.321755752822696,0.1694289805243739,0.31719112588406007,0.09331533810130345,0.18664515447849647,0.048568160693501276,104.06985287392429,104.4403117340051,1.1458472502536725,0.13333333333333333,0.64,0.2,0.5,0.3
0.02,150,200.0,29.7712711461254,0.16590751447238178,0.27803092855806627,0.06287937516288723,0.12344075554529307,0.019614980090414923,122.20327809504478,123.80150525641483,1.1376709617222203,0.09333333333333334,0.6933333333333334,0.19333333333333333,1.0,0.3
0.02,150,200.0,30.680756180248256,0.18812804762335086,0.2688086859593827,0.05411496740595566,0.12688123850620858,0.014993155399470028,114.7002308995985,123.22766532836826,1.4007087713490483,0.08666666666666667,0.6733333333333333,0.22,2.0,0.3
0.013333333333333334,150,200.0,31.30144934592651,0.2012494216552815,0.2679908153386201,0.05106382441008976,0.1254415031817869,0.01409112198419213,108.85692227904646,120.67775364133105,1.5698925306195486,0.08666666666666667,0.6466666666666666,0.25333333333333335,4.0,0.3
0.02,150,200.0,31.50155853720295,0.21642348961477761,0.2599285330705014,0.04967600218066708,0.12398765943429893,0.01464518254396087,111.49485939863943,125.88558366701635,1.733485510834983,0.08,0.6733333333333333,0.22666666666666666,6.0,0.3
0.013333333333333334,150,200.0,31.746308372762954,0.23383770403272885,0.2551242199193359,0.04405555795759287,0.12552058393491716,0.015604528797992137,112.06849364647411,128.67916108914537,1.9111717236115282,0.08,0.6866666666666666,0.22,8.0,0.3
0.013333333333333334,150,200.0,31.902066662880394,0.24395901688732588,0.25752004312647153,0.04480701542914456,0.12710686873913807,0.016909145647537958,109.02471044998362,126.72109930857555,2.0185622607614064,0.08,0.68,0.22666666666666666,10.0,0.3
0.013333333333333334,150,200.0,32.08390321698079,0.2500258240722691,0.25163825654171784,0.04613001699069657,0.12805772853856004,0.018210183382182332,107.46844269954595,125.79331818686333,2.0932406559267256,0.07333333333333333,0.6666666666666666,0.24666666666666667,12.0,0.3
0.08,150,200.0,25.271733710350276,0.15848511486139527,0.41120083487153664,0.12369698435622356,0.17462196029051516,0.037712055277394005,73.45409003321109,75.05867754981303,1.0601057393417985,0.19333333333333333,0.54,0.18666666666666668,0.5,0.7
0.02666666666666667,150,200.0,27.690166323167844,0.18247086501425008,0.3182947300376531,0.09117812111071319,0.1298019532873912,0.02371237423240916,97.42911995303496,105.72251489085363,1.3184515682769034,0.13333333333333333,0.62,0.22,1.0,0.7
0.02,150,200.0,29.56134430385772,0.1950472993183037,0.28111690577542237,0.07105031240205263,0.13563544774596095,0.019531639324155976,106.78734887425729,117.95291245741697,1.46952520891395,0.1,0.6666666666666666,0.21333333333333335,2.0,0.7
0.013333333333333334,150,200.0,30.636151406218808,0.21434842890049108,0.2708131196078426,0.05611730786871514,0.12846493326589548,0.016370197882522603,103.13952675024306,118.31513915769594,1.7406697741117167,0.08666666666666667,0.6466666666666666,0.25333333333333335,4.0,0.7
0.013333333333333334,150,200.0,31.02815124427488,0.22806770150437483,0.26907311652067384,0.05468751418918824,0.12591480833633634,0.015336159353482544,104.13713968708855,121.04860351507465,1.8510982122272874,0.08666666666666667,0.6533333333333333,0.24666666666666667,6.0,0.7
0.013333333333333334,150,200.0,31.20443749845088,0.23325759775095814,0.2672341006864819,0.050411705785298654,0.1273623584956565,0.015601411869823027,106.84765348714284,124.45562403988467,1.899385750782291,0.08666666666666667,0.6733333333333333,0.22666666666666666,8.0,0.7
0.013333333333333334,150,200.0,31.29254334715318,0.23779344510597497,0.268141930112542,0.04914172687164221,0.12725891315286428,0.01573363695268749,106.1569115724892,124.22307234794916,1.9496955500133235,0.08,0.6666666666666666,0.24,10.0,0.7
0.013333333333333334,150,200.0,31.362644342380598,0.2407950753303937,0.2643932286545734,0.04712397988821467,0.12616929148258868,0.015349897550141186,105.93295207566698,124.31156719452609,1.9836107098786153,0.08666666666666667,0.6666666666666666,0.23333333333333334,12.0,0.7
0.04,150,200.0,24.099925052626396,0.16559151804601668,0.4704221422106754,0.14660350320437238,0.1721247859252551,0.03942855428259185,66.8943499442488,71.41734712060617,1.0968463965935704,0.24666666666666667,0.5533333333333333,0.16,0.5,1.0
0.04,150,200.0,26.502976919542963,0.18443880388878128,0.3659759246445153,0.1040877644067729,0.13348431022304097,0.027745500144304838,89.30546786130895,98.64591002427503,1.3242168049611402,0.16,0.62,0.18,1.0,1.0
0.02,150,200.0,29.034272660272546,0.1993355972766714,0.2843227972468396,0.07686117158270366,0.12743304849180062,0.02180195429250517,100.92794872275834,113.61218458425888,1.5441337883404849,0.10666666666666667,0.64,0.23333333333333334,2.0,1.0
0.02,150,200.0,30.08743485868272,0.22160889789166874,0.27412486695103533,0.05798553082001194,0.12008659357729795,0.017048131905460947,105.83442791314648,122.16101128925536,1.7631892095030763,0.09333333333333334,0.6733333333333333,0.21333333333333335,4.0,1.0
0.02,150,200.0,30.562338950294002,0.22982337594433838,0.270920779246903,0.054423283264511395,0.1290144819897209,0.016433527544574063,103.15962673814197,120.69526710439754,1.8549938476727914,0.09333333333333334,0.66,0.22666666666666666,6.0,1.0
0.013333333333333334,150,200.0,30.961985208885018,0.23437361965424464,0.263366513707598,0.04928228419145313,0.12484566489038892,0.015320403344293123,106.70053846896762,124.76984646872819,1.8984542993551474,0.08666666666666667,0.6733333333333333,0.22666666666666666,8.0,1.0
0.013333333333333334,150,200.0,31.084466491389072,0.2377758196253266,0.26791416551556674,0.05420904806255964,0.12926060812625334,0.016023616471632134,103.60311266507551,121.98008933676836,1.9441365461325049,0.08666666666666667,0.66,0.24,10.0,1.0
0.013333333333333334,150,200.0,31.192561463293217,0.23890276690032208,0.26693725538995705,0.047742489911049464,0.12854355140558063,0.015466746550817069,104.80689250075366,123.34762367043058,1.9485641375509688,0.08,0.6533333333333333,0.25333333333333335,12.0,1.0
0.02,150,500.0,27.50656188665276,0.1696007312246226,0.31371090664787765,0.08170358418618666,0.16306427849186125,0.045532373297500046,95.81101094597882,96.18412379912493,1.1933765870249293,0.12,0.58,0.28,0.5,0.3
0.04,150,500.0,28.712124501926677,0.16566429095486312,0.2726243994235104,0.058974729675164546,0.12821333436313176,0.018659151210838346,97.41970664525029,99.18959021475975,1.220656616317029,0.08666666666666667,0.56,0.31333333333333335,1.0,0.3
0.02,150,500.0,29.72747518854427,0.18707955237219817,0.26214867717012574,0.05477956705277384,0.11740643907383924,0.01408985568340229,96.52988287856101,105.54616330180284,1.4596662631741382,0.08,0.5666666666666667,0.3333333333333333,2.0,0.3
0.013333333333333334,150,500.0,30.283709568248298,0.19903168874217267,0.2576063444648209,0.04949957421089719,0.1120667833717796,0.012210770803032421,95.03640066113444,107.56312102172147,1.6138004297493682,0.08,0.5733333333333334,0.3333333333333333,4.0,0.3
0.02,150,500.0,30.613560425755605,0.21510594070171957,0.2545258843885791,0.04706463488063585,0.11515590832971766,0.012725996037321947,93.004643708768,108.60282024240571,1.8479138433599842,0.07333333333333333,0.5866666666666667,0.32,6.0,0.3
0.013333333333333334,150,500.0,30.80727188188391,0.23302508237091268,0.2507689505143891,0.04528397828953159,0.1178172614302094,0.015070354035485256,92.23356697274689,110.046034145049,2.03181756854591,0.07333333333333333,0.58,0.3333333333333333,8.0,0.3
0.006666666666666667,150,500.0,30.93317493940384,0.24223750719873446,0.24611453318814494,0.046522544829772285,0.11750648465679538,0.01581881275682374,92.25714581701807,111.14895792864118,2.1338735149487684,0.07333333333333333,0.5866666666666667,0.3333333333333333,10.0,0.3
0.013333333333333334,150,500.0,31.102620499619928,0.24746072140240813,0.2439952866432601,0.04485816460344955,0.12080690721072941,0.017422773570708473,85.78366515022508,105.6339272070772,2.248283841290851,0.06666666666666667,0.56,0.36,12.0,0.3
0.04,150,500.0,24.80769577276982,0.15876988363516495,0.4069234244404982,0.14912081459002985,0.17316852923683237,0.03531653474281928,56.34703412453828,58.148591070600766,1.1266575962729808,0.2,0.47333333333333333,0.2866666666666667,0.5,0.7
0.03333333333333333,150,500.0,26.75965785600278,0.18074505663570462,0.3122001743297329,0.08515082334809458,0.13968686242709305,0.02448655566776801,79.47654007500248,88.4100066556874,1.4098360172039432,0.12,0.5266666666666666,0.32,1.0,0.7
0.02,150,500.0,28.64334472736181,0.19283643222451127,0.2737127111754972,0.06246934203947298,0.12040619881807833,0.01775840749957784,87.83246108382585,99.93301648790215,1.5583326460209157,0.08666666666666667,0.5533333333333333,0.34,2.0,0.7
0.02666666666666667,150,500.0,29.683350541014686,0.2123599580603474,0.26449753299214696,0.05613093873012639,0.12137537722817267,0.015374965343709353,84.15634120093435,100.21215493738714,1.804762338846149,0.08,0.5466666666666666,0.3466666666666667,4.0,0.7
0.02,150,500.0,30.03360596489259,0.22484666782937396,0.2638590881217242,0.054810363469447364,0.11611584802769997,0.013920365685165569,87.52938230279972,105.57803000883,1.9267167597336952,0.08,0.58,0.32,6.0,0.7
0.02,150,500.0,30.211454761444752,0.23091923069923942,0.2613160521503147,0.053888245078408815,0.12201652482533315,0.014179900920451682,84.88925888996295,103.8025464535411,1.9990643767146563,0.08,0.56,0.34,8.0,0.7
0.02,150,500.0,30.275827741125273,0.234847178019835,0.2616994659087415,0.0526679923744756,0.1151856007146057,0.013849834976978708,87.48300362934785,106.75737466708279,2.03332446279452,0.08,0.58,0.32,10.0,0.7
0.02,150,500.0,30.412197996576207,0.23759089248639345,0.25794032689518653,0.049888529573181066,0.11328001800932921,0.013989590757641597,86.66678866440273,106.24807059158819,2.0640940442202047,0.08,0.5733333333333334,0.32666666666666666,12.0,0.7
0.02,150,500.0,23.38466184634001,0.16525008983538733,0.43568435679323725,0.11820111265883859,0.12546023320317753,0.034685146992455076,71.94142427060078,76.86585965050881,1.1496938465081217,0.21333333333333335,0.5266666666666666,0.24,0.5,1.0
0.04,150,500.0,25.73910863435452,0.18288119266972128,0.34945939543972643,0.09567223603038379,0.14220535214318863,0.02840297158358266,69.99335029572106,80.08166994333655,1.4257813617620712,0.13333333333333333,0.4866666666666667,0.34,1.0,1.0
0.02,150,500.0,28.054851190795457,0.1968531263695965,0.2796616297907726,0.0732364664690286,0.13057727497712387,0.021667371594923986,80.35501162982284,93.88884948722304,1.6257991593097632,0.1,0.5333333333333333,0.3466666666666667,2.0,1.0
0.02666666666666667,150,500.0,29.099355990702424,0.21869903309665356,0.26886707759941403,0.06231243895357667,0.12409785111129357,0.0168848412689084,79.9708322470608,97.59295051554261,1.8810953629648304,0.08666666666666667,0.5333333333333333,0.35333333333333333,4.0,1.0
0.02666666666666667,150,500.0,29.72972232494904,0.22694561552013306,0.2609915830873403,0.05152273846130622,0.11785418645847656,0.015005442674887189,86.7600557476788,105.44725614065824,1.9343014536318128,0.08,0.5733333333333334,0.32,6.0,1.0
0.02,150,500.0,29.988863799419743,0.2305801280967275,0.25722089422345606,0.05490533074927251,0.11734979405859548,0.01423610183248625,84.96224409470328,104.29754526119339,1.9895907514699418,0.08,0.56,0.34,8.0,1.0
0.02,150,500.0,30.115337273700447,0.23364301524606976,0.257366769057962,0.05205085284906356,0.11448119919483891,0.013926196515338572,86.35866628208805,106.01896072040441,2.0236574438539523,0.08,0.5733333333333334,0.32666666666666666,10.0,1.0
0.02,150,500.0,30.198497489053405,0.23618996407637344,0.2599919123882083,0.05278437601360449,0.11780497416378827,0.014324591547977938,85.56455232596296,105.32417304846516,2.040672616560916,0.08,0.56,0.34,12.0,1.0
0.04666666666666667,150,1000.0,27.26791975599195,0.1672821167448634,0.3542071130984281,0.10007987977793235,0.17451192875210528,0.048902330410882835,97.35539953604872,97.73515847130714,1.1063926829519894,0.14666666666666667,0.62,0.18666666666666668,0.5,0.3
0.03333333333333333,150,1000.0,28.769172778384668,0.16410810351028304,0.2908308875437756,0.07050946176029134,0.13202269109030548,0.019821226578336,118.12647133034251,119.67905271432066,1.1254100592369534,0.1,0.6933333333333334,0.17333333333333334,1.0,0.3
0.02,150,1000.0,29.684609914833356,0.1853456375819234,0.27955524597246967,0.05528519760299614,0.12531930114644826,0.015104277849955168,112.79587759250813,121.21469785771002,1.3618309526011703,0.09333333333333334,0.6666666666666666,0.22,2.0,0.3
0.02,150,1000.0,30.469486464287943,0.19853451419231205,0.2755647037683875,0.05126187951017676,0.12470496254916644,0.014140145123241672,114.61004494330302,126.21228981061526,1.509601038529817,0.08,0.6866666666666666,0.21333333333333335,4.0,0.3
0.013333333333333334,150,1000.0,30.690867671666602,0.21361657792328373,0.27059346249560357,0.04845429447663069,0.12321437112277041,0.013897280263644802,111.49945131226491,125.83696422018096,1.7090254863504042,0.08,0.6733333333333333,0.23333333333333334,6.0,0.3
0.013333333333333334,150,1000.0,30.822028520753072,0.23065675066013383,0.267157219151246,0.04567189719092859,0.12160186996268273,0.01514191655543303,114.36103754997443,130.72093112073048,1.8704476688641634,0.08,0.7066666666666667,0.2,8.0,0.3
0.013333333333333334,150,1000.0,31.126893815013695,0.24113568953573666,0.26245411282206704,0.044794436193874354,0.132041482834481,0.017049531375310446,111.90099512876046,129.40195402583112,1.9796665537729616,0.07333333333333333,0.7,0.21333333333333335,10.0,0.3
0.02,150,1000.0,31.165011168046778,0.24526630866845645,0.2623144599381836,0.04452430355774797,0.12249518615626848,0.017538009516498847,111.00191985655086,129.01109671327055,2.0194618804206397,0.07333333333333333,0.6933333333333334,0.21333333333333335,12.0,0.3
0.08,150,1000.0,24.79937689720541,0.15733654460317564,0.44163656353366304,0.15885827059637406,0.22027815975241574,0.04172294416216335,65.85878441910637,67.46184087987041,1.0666266378104123,0.2,0.5666666666666667,0.15333333333333332,0.5,0.7
0.02666666666666667,150,1000.0,26.87062199897046,0.179847387507379,0.332304024538286,0.0887472501910355,0.1410694519201288,0.02510749267853584,101.30402007896693,109.55870074086216,1.301428567627501,0.12666666666666668,0.66,0.18666666666666668,1.0,0.7
0.02,150,1000.0,28.71696861568972,0.1924815132488556,0.28439503152368073,0.06906424290920452,0.14041185838865916,0.020204103856742504,109.03939804264658,120.15385910440435,1.4416219007120072,0.1,0.68,0.2,2.0,0.7
0.013333333333333334,150,1000.0,29.691545151603993,0.21128114338387038,0.27709844359144,0.059048507575362674,0.12560414128419106,0.01646968359020167,111.36642697634616,126.10894955405097,1.6562538575978851,0.09333333333333334,0.7,0.19333333333333333,4.0,0.7
0.013333333333333334,150,1000.0,30.180398541104786,0.2241567618925263,0.2737254398543884,0.04845681422573497,0.12493191853588077,0.015114490509313192,110.68709994562401,127.39743831174138,1.7967733409057576,0.08666666666666667,0.6933333333333334,0.20666666666666667,6.0,0.7
0.006666666666666667,150,1000.0,30.39906861288091,0.23007240175423324,0.2778266508944457,0.048757034306366964,0.1243690963816114,0.015503318957692415,111.4154047134538,128.79603189532853,1.8487488961572187,0.08666666666666667,0.7,0.20666666666666667,8.0,0.7
0.03333333333333333,150,1000.0,30.47164301409375,0.23355043560163063,0.2719481509677598,0.05349961365072957,0.1339801962400728,0.01533572316421838,107.1770868904272,125.00827878040373,1.8773367637739238,0.08,0.6933333333333334,0.19333333333333333,10.0,0.7
0.013333333333333334,150,1000.0,30.539765510235885,0.23719424874768055,0.2727051646401288,0.04644734873805386,0.12555525134303228,0.015734852923451968,114.65191025646256,132.65264919022528,1.9181066329930831,0.08,0.7266666666666667,0.18,12.0,0.7
0.04666666666666667,150,1000.0,23.429390493294104,0.16439489935124507,0.4567505533808114,0.13540870141765238,0.156442780882634,0.03712925270107354,76.67129105349545,81.25045816557257,1.071526552006812,0.23333333333333334,0.5933333333333334,0.12666666666666668,0.5,1.0
0.04666666666666667,150,1000.0,25.837561509659196,0.1821440008447038,0.3575390477428574,0.09635686914347702,0.1409190455346234,0.027771239892627725,91.63025470132177,100.98426608851068,1.3146123917176213,0.14666666666666667,0.62,0.18666666666666668,1.0,1.0
0.013333333333333334,150,1000.0,28.248959491278,0.19637621452497697,0.2907917133509729,0.08001219910132261,0.14627575930526077,0.023448588453028572,103.45033681535865,115.97875193467121,1.5199278597625854,0.10666666666666667,0.6666666666666666,0.21333333333333335,2.0,1.0
0.006666666666666667,150,1000.0,29.287680364900687,0.21871029225161023,0.28531019900271676,0.06111694323147449,0.1273150195267675,0.018026597373898456,107.9557529060613,124.18378634561788,1.7375582821574986,0.09333333333333334,0.6866666666666666,0.21333333333333335,4.0,1.0
0.013333333333333334,150,1000.0,29.738314841297093,0.22637356611147014,0.27914551728227777,0.053926533571937545,0.12536719361151208,0.016773862320092193,113.19612108830913,130.23236427024602,1.7764292589956638,0.09333333333333334,0.72,0.17333333333333334,6.0,1.0
0.006666666666666667,150,1000.0,30.00853746031765,0.2297307623950282,0.2781046071166282,0.05279288595482302,0.12351835722747419,0.015819644897927223,109.4500298604124,127.31076165015237,1.8396081320454007,0.09333333333333334,0.7,0.2,8.0,1.0
0.02,150,1000.0,30.270884928701573,0.2326404849565398,0.27593253411927304,0.05257894760372102,0.12267322318659751,0.016176435618522708,110.8231890216066,128.80120031033226,1.8481494062005916,0.08666666666666667,0.7066666666666667,0.18666666666666668,10.0,1.0
0.02,150,1000.0,30.374722687052667,0.2350530484875736,0.2753569027025005,0.04826761865470468,0.12384338345001566,0.015535373677426013,107.97387312087352,126.27437964379536,1.8925099605081952,0.08,0.68,0.22,12.0,1.0
